{"version":1,"hash":{"type":"Buffer","data":"ft/cq/cqepKvqQUog6cIS3WNrqBGLNj6278btHJ0Tn5SyD4NCIOW7ZeK2v2P/lHPA4Y6n/HSDqfBVK86bkg8OL18stt4VFIHqHDY3oUGcz+T66E1SW7S0/XHZmP0notmGh0apeIjfKLqNtfjZ7xIIBFmmchMSGyMOa0U3b5l+o4="},"indexValueMap":{"4lINavr88m4Sqw6NYDoLpuy3gCLIUZQ/sQENpRdSV1I=":{"valueMac":{"type":"Buffer","data":"lMuyrK1Nh7tFYX75UyEqga6yERwC1/bXOELZrepEdAw="}},"TI/4oCl7hOfUT6oM4il81uT6w4T2HJ9vZiTwsceC/CQ=":{"valueMac":{"type":"Buffer","data":"KbYwswBW3/FIDkv+fKdkY+BvsMa/09JFNiAbdq31KfA="}},"oabdmcmQZh8IXlPyaSNCAcQhkklgEeToD6dQ/rGtUiQ=":{"valueMac":{"type":"Buffer","data":"l+S2vUbpSx9RrOQKYwy7zElipAypFuS7T0/y+j85qd0="}},"WvSj+WlXBSp5dfA0ropUXHliIbYxa8P+wf97/NN+Vs4=":{"valueMac":{"type":"Buffer","data":"R5ocXwVq6L73R4N/5U47E+t7wmPJICIouyEb3VxfMY0="}},"iNxY7Cw2N5pGU+MklNIqM90HUXgdwE/Tx/4tq8H+WmA=":{"valueMac":{"type":"Buffer","data":"ZiHsKloLoJEDM/ZQNbm7uDpG8iQGwwPnphCDTq+joF0="}},"TO/i8DW7gNsOfqzssTvY7pOEe2jmFCOYCTc7Xs8cigA=":{"valueMac":{"type":"Buffer","data":"qnCd24pRF+v/urP9vqXT22SxcZjfiokQ7ufGNIRL5Vo="}},"qBw6tVOzDc/Eudqd3TQyoHm4eM2ybXUlu0pr0GCSD3Q=":{"valueMac":{"type":"Buffer","data":"tc0m8wpt/QRBprqtmS2X/zT/zIXNp4cTWOgIsjhoBso="}},"z1u6ZHlCAG4v4XpLjSSzPIDNu3DAhW1FADGogTtN3ls=":{"valueMac":{"type":"Buffer","data":"zd2GXIhKiZ2hhIGyPus8kFeddf0H8tsNWXDJYNd0HPU="}},"ABLoccgJju7v4AsG/t+Wir1nMUZOs/S02KBdTWQvkcI=":{"valueMac":{"type":"Buffer","data":"ifZFHiz7azW/apOFNIugyLsyZpr8xZaSE90gYdk8tnA="}},"+CbAtl/lvm6sSDyVhyT9934bCgyf9j2RyPazF64kP0Y=":{"valueMac":{"type":"Buffer","data":"4M/fWfy/rk3NlzDd7AXR0fYAXBjteHW+I8rMokt0QdY="}},"WeAnSzAsHvbXOXtgLksiEwqa2CJALA4YOlr2lwZAx3M=":{"valueMac":{"type":"Buffer","data":"g+RMTJzYFfMELdx6nbun4KXG2vWCxealC4ulV/4Yr1I="}},"g7fkN/sP+YxTi8nkIqCLil7ltYFiOrCXT/961eWZBu0=":{"valueMac":{"type":"Buffer","data":"GIvBH/4/aXJJ5cxiDScj6k773+fAmXK434UP7pelVZ0="}},"GIaZYvOc/pPRsDw+U5hdmhDjp70MeWUroKHMhytPKhk=":{"valueMac":{"type":"Buffer","data":"VcQD7b9VZV1r5GTTJAK/nqp0XjJbRtIS4DcJY4x0rkc="}}}}