{"noiseKey":{"private":{"type":"Buffer","data":"aBCTGrm1j2n9yBvqo2unTsoCXE5+rGAGHHc32inTiEY="},"public":{"type":"Buffer","data":"Gtm3uj9siZZb7+OGP0yF/PMK2dy7fF1X9gqeOnmRKlg="}},"pairingEphemeralKeyPair":{"private":{"type":"Buffer","data":"CNdyAQvpcy6gV+iki683DW7bAgnMgNdByQFM4zQoGEg="},"public":{"type":"Buffer","data":"BaHN7U+3nHACt4GyRro0kVsLKGMUiDExOa5T6CtrzlM="}},"signedIdentityKey":{"private":{"type":"Buffer","data":"0LVLwC4W1qzMesD8Zqd5TWOFgMrrVCgpAFWfwiDFfFA="},"public":{"type":"Buffer","data":"DtcLixt2RftvrXKht26OntLesrp0QRNlj1psjd4010Q="}},"signedPreKey":{"keyPair":{"private":{"type":"Buffer","data":"kJlB6pgBoV2K+iTuyNrsqOMHHravNV+r/WuiAr67LGo="},"public":{"type":"Buffer","data":"bel82dADNg5GGVBNVbayxmITNplXYRPmnsahZTB64TU="}},"signature":{"type":"Buffer","data":"l8LAR79DR2Kw7WwiOyKP7HBQIb71hNSosyh+zxSujaj4iHY72fNieK82fQt8cOLwEJYdOg++wRNyipnyNsECAA=="},"keyId":1},"registrationId":139,"advSecretKey":"vvvQRBav1hHRRWaCFhlxd9NphYdXUC8nVkBWr9p/unQ=","processedHistoryMessages":[{"key":{"remoteJid":"6287818614156@s.whatsapp.net","fromMe":true,"id":"ACB07A040CF33C1DFE3ACA34BA28BB47"},"messageTimestamp":1769789708},{"key":{"remoteJid":"6287818614156@s.whatsapp.net","fromMe":true,"id":"ACA610629E88B34EAA80EB691F609026"},"messageTimestamp":1769789708},{"key":{"remoteJid":"6287818614156@s.whatsapp.net","fromMe":true,"id":"ACDA6FA903B6C12B9E6A42A900DFB641"},"messageTimestamp":1769789728}],"nextPreKeyId":80,"firstUnuploadedPreKeyId":80,"accountSyncCounter":1,"accountSettings":{"unarchiveChats":false},"deviceId":"ji77miqfRb-lStw-0xMc8g","phoneId":"6ba84ca5-0e31-458d-bfeb-e5df1508fb20","identityId":{"type":"Buffer","data":"+37qBSVOVF/A5szUXs8R+t6T0KA="},"registered":true,"backupToken":{"type":"Buffer","data":"yxOtPqk5hw+nRF6K8TumU1dYrU8="},"registration":{},"pairingCode":"JARXXGTG","me":{"id":"6287818614156:11@s.whatsapp.net","lid":"26277314617345:11@lid","name":"Lumakara-Bot"},"account":{"details":"CLCnm4YEEPux88sGGAEgACgA","accountSignatureKey":"8hw6yiLHlRna0gamH2yzeRXyJxgd/HtGMUV1ur54PVI=","accountSignature":"+ucDlmP1HeusaaylNCOfZ+uI0aPBTalVcwpXD/PbyfZBZZVriKBB6p302ouL5a3mHKyMg7O7+KFo6XwznUcGCQ==","deviceSignature":"pkRP0ycyPI+lMTKFVOA+3W1XSxhVPMQbBCIPwquoGnumFEeEuOHt0QaIQ7hd88uwLpi5eXVJAOPUk+xT6FDEDA=="},"signalIdentities":[{"identifier":{"name":"6287818614156:11@s.whatsapp.net","deviceId":0},"identifierKey":{"type":"Buffer","data":"BfIcOsoix5UZ2tIGph9ss3kV8icYHfx7RjFFdbq+eD1S"}}],"platform":"android","routingInfo":{"type":"Buffer","data":"CBIIAggI"},"lastAccountSyncTimestamp":1769793059,"myAppStateKeyId":"AAAAAD5J","lastPropHash":"3R9Z39"}