{"_sessions":{"BYZVlM4Iku1/1IPycRJiknx+XzzwNUSNB1rjtcGeD7kB":{"registrationId":632814016,"currentRatchet":{"ephemeralKeyPair":{"pubKey":"Bc6E/93uP/9Qw1VIF1t9eAUrpIvFFn0wzIBmiRsSOppa","privKey":"CFIfJvFv0J8DbO5b/Q53/EfyJ2e4J8JqiJV0s/pxvmA="},"lastRemoteEphemeralKey":"BYjyfnC0255V+3nrI9xF5wnADMQrKpy3XX5clPOZabok","previousCounter":0,"rootKey":"RVI124tUj0/1ijTNbciYIOU6GIdS1L7HPje5FhCLHWQ="},"indexInfo":{"baseKey":"BYZVlM4Iku1/1IPycRJiknx+XzzwNUSNB1rjtcGeD7kB","baseKeyType":1,"closed":-1,"used":1769797748837,"created":1769797748837,"remoteIdentityKey":"BUI2Kzbr+FZZGNidd5oQOx1TzBcm0kYQ3IOImeVvpss1"},"_chains":{"Bc6E/93uP/9Qw1VIF1t9eAUrpIvFFn0wzIBmiRsSOppa":{"chainKey":{"counter":0,"key":"5iHqkC5bkNjCjlNVjeu+Va8xdx5lQOUK81t4QoPrBXo="},"chainType":1,"messageKeys":{}}},"pendingPreKey":{"signedKeyId":6202110,"baseKey":"BYZVlM4Iku1/1IPycRJiknx+XzzwNUSNB1rjtcGeD7kB","preKeyId":7261961}}},"version":"v1"}