{"_sessions":{"Ba9La0s/RibHFSKYRycwyJHnoqdC0ciPjLBZ2oW9Nd8y":{"registrationId":405671719,"currentRatchet":{"ephemeralKeyPair":{"pubKey":"BQp+xb6otqE6zZx0Numa7vccvn3qBBGlXbC0X1YUwX0b","privKey":"4LaRIJkhr4oKNvm5Y64WMjUwQ7PGrmIHEaGZVaIRoG8="},"lastRemoteEphemeralKey":"BT4syvHmitQM2PzQGL0PBsFnvifo+9LKqOMnlADbZqdO","previousCounter":0,"rootKey":"9EabAa4SdAHNyUj7jTKafTHWvlJOX4JSE4Ba76RcSFo="},"indexInfo":{"baseKey":"Ba9La0s/RibHFSKYRycwyJHnoqdC0ciPjLBZ2oW9Nd8y","baseKeyType":1,"closed":-1,"used":1769797748668,"created":1769797748668,"remoteIdentityKey":"BRBrImXJCVvMFgIVyWaNBt3CuKCuyP7L86/wqR9G+rw+"},"_chains":{"BQp+xb6otqE6zZx0Numa7vccvn3qBBGlXbC0X1YUwX0b":{"chainKey":{"counter":0,"key":"Q3wQgPVHk1jGgzacEBNGbFn/yaxEaoJOiyHGF38+AVs="},"chainType":1,"messageKeys":{}}},"pendingPreKey":{"signedKeyId":364953,"baseKey":"Ba9La0s/RibHFSKYRycwyJHnoqdC0ciPjLBZ2oW9Nd8y","preKeyId":5429925}}},"version":"v1"}