{"_sessions":{"BSiBI4RYt491WlmkWTdWVNc+4fqG5mn7wy0b6avezoRU":{"registrationId":1775445336,"currentRatchet":{"ephemeralKeyPair":{"pubKey":"BYzhUuyUhl9kjeeavI/02BKeU2dP0r450K81RMMDzq5a","privKey":"SIJuDLBdysCrFBWf11t+VnfAMRZ7EMQvg8+vzmGGcFI="},"lastRemoteEphemeralKey":"BWsgEqh8DdbKMJ7KjGZZfSjnmvs+AMVtMYphdo8RsAYU","previousCounter":0,"rootKey":"VmXIAIKZwifvssZkA1Va9hRjyDzOLGVZdjDwqMITf5A="},"indexInfo":{"baseKey":"BSiBI4RYt491WlmkWTdWVNc+4fqG5mn7wy0b6avezoRU","baseKeyType":1,"closed":-1,"used":1769797749595,"created":1769797749595,"remoteIdentityKey":"BdrjE9Pdnn5fOuI+YTcFuGwZmuBiShYzXsTVeJVpTVxG"},"_chains":{"BYzhUuyUhl9kjeeavI/02BKeU2dP0r450K81RMMDzq5a":{"chainKey":{"counter":0,"key":"+xLL06pZF1n7uzPjbR7KLe4bX55mZRTualydwzKEnFo="},"chainType":1,"messageKeys":{}}},"pendingPreKey":{"signedKeyId":15306030,"baseKey":"BSiBI4RYt491WlmkWTdWVNc+4fqG5mn7wy0b6avezoRU","preKeyId":12104329}}},"version":"v1"}