{"_sessions":{"BWBv82hC/lHKmc7nVRnh5DHjLtz63oMXph0H4e6PrBp9":{"registrationId":892391893,"currentRatchet":{"ephemeralKeyPair":{"pubKey":"Bd977AKRS/y0iCcuFxKr5WrbQyAUGUQKqt3mDUdVmfgJ","privKey":"GDTmoxgkVWl7Zy5wEjKGYWtYZK2GF9OKc7YcfQTG2GE="},"lastRemoteEphemeralKey":"Ba11y5+Q6fut0L+G9kGPu5k+ecLOuY2Oocxp4oKKQcpm","previousCounter":0,"rootKey":"ZsbdOj/WKXT3uxBei/Mc/kdvm7mi8RU6KL0FIla065s="},"indexInfo":{"baseKey":"BWBv82hC/lHKmc7nVRnh5DHjLtz63oMXph0H4e6PrBp9","baseKeyType":1,"closed":-1,"used":1769797749417,"created":1769797749417,"remoteIdentityKey":"BaW5Mw4chzFvvIseIfRn7WyRyFqCXxQV52aB9rbioDQB"},"_chains":{"Bd977AKRS/y0iCcuFxKr5WrbQyAUGUQKqt3mDUdVmfgJ":{"chainKey":{"counter":0,"key":"Sac5srulqzMDpa7ZjM5Dot921v4mm5Y2D31wRKaoMKI="},"chainType":1,"messageKeys":{}}},"pendingPreKey":{"signedKeyId":7231986,"baseKey":"BWBv82hC/lHKmc7nVRnh5DHjLtz63oMXph0H4e6PrBp9","preKeyId":15509037}}},"version":"v1"}