{"_sessions":{"BYpWeK4J7Fr29udhHcCT19sClCgDZ+wN5x+zl9HRZxo3":{"registrationId":2064860409,"currentRatchet":{"ephemeralKeyPair":{"pubKey":"BSLQ/y00+pSE9IYXzchgj6uReDUoyYlQ5kBDL/tvno0S","privKey":"QFw/fxGBLmPArUh2akDL3k/Gr2xm5p/HnaWFOHKGbX0="},"lastRemoteEphemeralKey":"BQBGK71j72a2qt+19UdmUxrPbAYZRothrZImhWGizWkq","previousCounter":0,"rootKey":"s3mOnAIAG9CYDCQdo88Pq7XN1+ukWJJnSAVZhIYLlxQ="},"indexInfo":{"baseKey":"BYpWeK4J7Fr29udhHcCT19sClCgDZ+wN5x+zl9HRZxo3","baseKeyType":1,"closed":-1,"used":1769797749295,"created":1769797749295,"remoteIdentityKey":"BSnERJEKzaQ60j/Q47ZPGqIUE3H7OpbFIKwOpuYqlJUz"},"_chains":{"BSLQ/y00+pSE9IYXzchgj6uReDUoyYlQ5kBDL/tvno0S":{"chainKey":{"counter":0,"key":"/MmmCTj+5HFdtsck8Cmv7WrhwpQ7IysZmf1hTT+54lY="},"chainType":1,"messageKeys":{}}},"pendingPreKey":{"signedKeyId":4748725,"baseKey":"BYpWeK4J7Fr29udhHcCT19sClCgDZ+wN5x+zl9HRZxo3","preKeyId":15866852}}},"version":"v1"}