{"_sessions":{"BXfanzEmhLBAXQJAqEgp0jYCWsQ1ZehnxKMAO39coZ0h":{"registrationId":1959657527,"currentRatchet":{"ephemeralKeyPair":{"pubKey":"BYouyUyBtZCT1XFxFFEe9ZUaGhM2N6WEk2vDTq9FpWpJ","privKey":"cHaV404gTE22qcc5++CIe6WNDzLgFE8YFpeHIw+PNko="},"lastRemoteEphemeralKey":"BRWxGYtEjYdHmjnzZryQKLwvaVeCl7mrcIWjIJQwvHFt","previousCounter":0,"rootKey":"aLd4vnAmj1legFiH4HPrZFcfjQpw0Lc1V58rjmU1kLg="},"indexInfo":{"baseKey":"BXfanzEmhLBAXQJAqEgp0jYCWsQ1ZehnxKMAO39coZ0h","baseKeyType":1,"closed":-1,"used":1769797748715,"created":1769797748715,"remoteIdentityKey":"BZ8ddPaSCtFikQzWSiRrcuadJ9dFEmC9Nqq/jvly4ARj"},"_chains":{"BYouyUyBtZCT1XFxFFEe9ZUaGhM2N6WEk2vDTq9FpWpJ":{"chainKey":{"counter":0,"key":"GWo5FR+bgqjKw1BX/D/ME5n4MFPCtMq0tQcHh/pVNM0="},"chainType":1,"messageKeys":{}}},"pendingPreKey":{"signedKeyId":3883320,"baseKey":"BXfanzEmhLBAXQJAqEgp0jYCWsQ1ZehnxKMAO39coZ0h","preKeyId":12792533}}},"version":"v1"}