{"_sessions":{"BXMte9ydlUa1V7ThmzeV4ZInYR/CEA4/ZFPxHRg3mStG":{"registrationId":862319625,"currentRatchet":{"ephemeralKeyPair":{"pubKey":"BYXmloutw8qOmqzaowTXFAn/RcemQ/iQRn6u1fe/OiFK","privKey":"IMC4PILeVU/g0zqiS51aeFIDur4JuvRIJpJCR5DRZlI="},"lastRemoteEphemeralKey":"BZ4n6FPsOf1fU7PUV8guU56Mt9ioznsftBzInXDGdIoL","previousCounter":0,"rootKey":"xbVnyx73PibZRUNROQMRZx994pVCJKejl1igIbyOkXg="},"indexInfo":{"baseKey":"BXMte9ydlUa1V7ThmzeV4ZInYR/CEA4/ZFPxHRg3mStG","baseKeyType":2,"closed":-1,"used":1769797743630,"created":1769797743630,"remoteIdentityKey":"BQpTkahHmgnwW83cMDgnghCiLpDbpa8yfVjHA5cGYAYI"},"_chains":{"BZ4n6FPsOf1fU7PUV8guU56Mt9ioznsftBzInXDGdIoL":{"chainKey":{"counter":0,"key":"ZDRW/LMXyrrUqbPgJh+bY+CRoNvpqDqj2MIgcpWONrI="},"chainType":2,"messageKeys":{}},"BYXmloutw8qOmqzaowTXFAn/RcemQ/iQRn6u1fe/OiFK":{"chainKey":{"counter":0,"key":"3B5uRJTe/JOQXDy3N4LjojM2NQY+gnAZphGYrSLwnrQ="},"chainType":1,"messageKeys":{}}}}},"version":"v1"}