{"_sessions":{"Bb0GJ3+dochsrsBXR/EIBnyLCa2ebP6fXRu0OtEa3Et9":{"registrationId":1827933790,"currentRatchet":{"ephemeralKeyPair":{"pubKey":"BbFtW6qFD0IjSjGcMieM9y1vFK6uzulW6xvPqF1iWFUV","privKey":"KEJCUrSGz5PiwfUFqXF9c6sHT4JCRpP9FIh/ju3iyXM="},"lastRemoteEphemeralKey":"BQhOsfRPWFAwI+8hRksPwiYlrowFG9W0tAShbshu4cgr","previousCounter":0,"rootKey":"mNoDzSbyImRYkd8HDP/gXssvGYk7d9tA/Rx+isLKSCo="},"indexInfo":{"baseKey":"Bb0GJ3+dochsrsBXR/EIBnyLCa2ebP6fXRu0OtEa3Et9","baseKeyType":1,"closed":-1,"used":1769797748915,"created":1769797748915,"remoteIdentityKey":"BYoEnaKBqVmow0uRCWUux15svm2fSDU0dSdkxNid1YZQ"},"_chains":{"BbFtW6qFD0IjSjGcMieM9y1vFK6uzulW6xvPqF1iWFUV":{"chainKey":{"counter":0,"key":"4FNha1IodGsZA66+GqPGm1OwcsEknFh1Oug7qjaj2RM="},"chainType":1,"messageKeys":{}}},"pendingPreKey":{"signedKeyId":7861669,"baseKey":"Bb0GJ3+dochsrsBXR/EIBnyLCa2ebP6fXRu0OtEa3Et9","preKeyId":11496781}}},"version":"v1"}