{"_sessions":{"BUwvDu1KQTNN8vf9UUlgWiTdfGqTvGQnLTEuJy2Tuadx":{"registrationId":13019,"currentRatchet":{"ephemeralKeyPair":{"pubKey":"BaZTUSsR3l072I9B/6BWNCuF+KK8+J6Nzlqgd5jCuSxf","privKey":"2BAnDsODb4URKK3tUeuAdLecO7SQCRH8ADBKKRIwP0I="},"lastRemoteEphemeralKey":"BRAZ5QdOl9M3+/xE5Kn08aRw/1wJ4sWVEiZVwwTd09xm","previousCounter":0,"rootKey":"hhggAUSK4cR6dGCZ4A9Dzc9d7yctmzO7RVF6r2ijlN4="},"indexInfo":{"baseKey":"BUwvDu1KQTNN8vf9UUlgWiTdfGqTvGQnLTEuJy2Tuadx","baseKeyType":1,"closed":-1,"used":1769797749563,"created":1769797749563,"remoteIdentityKey":"Bb34tgaqqTD1mF1X9k5CRqidyfM8OFcI+TEa3S0c1v89"},"_chains":{"BaZTUSsR3l072I9B/6BWNCuF+KK8+J6Nzlqgd5jCuSxf":{"chainKey":{"counter":0,"key":"PX56QhDqqyNkt9Y8dddDgIJXHdFk2pxjZrrUHAzSMZs="},"chainType":1,"messageKeys":{}}},"pendingPreKey":{"signedKeyId":1,"baseKey":"BUwvDu1KQTNN8vf9UUlgWiTdfGqTvGQnLTEuJy2Tuadx"}}},"version":"v1"}