{"_sessions":{"BbP67/F+/SMs7v1innupAeellpe9iVXGFNWi/A8dY5Fy":{"registrationId":909936281,"currentRatchet":{"ephemeralKeyPair":{"pubKey":"Be5I7hKq+uVdyA/IJ+K1VzwU0uR2ES5NGAi2tgJF9OJR","privKey":"CGQ9pyjkG0sEfSPuo5AU9DV/nXfPrxybZE1dGwv+jlc="},"lastRemoteEphemeralKey":"Bfj2Gu9nffJhzsMpWehRtBsV2nfB1hWhS8SegLY1+pZj","previousCounter":0,"rootKey":"4iG+l+wNeIrbk8fQvHXpGOTLlBFJUsehRuGKLwyNFVQ="},"indexInfo":{"baseKey":"BbP67/F+/SMs7v1innupAeellpe9iVXGFNWi/A8dY5Fy","baseKeyType":1,"closed":-1,"used":1769797749184,"created":1769797749184,"remoteIdentityKey":"BSWvWacgPFBc5F7W9O2Un09XMZygjpPIlsbsTIBoIKZq"},"_chains":{"Be5I7hKq+uVdyA/IJ+K1VzwU0uR2ES5NGAi2tgJF9OJR":{"chainKey":{"counter":0,"key":"T/lLiA7/4vpeohdAMAI3fHytK6g+jj/tBR2T2Yvy9OA="},"chainType":1,"messageKeys":{}}},"pendingPreKey":{"signedKeyId":7604424,"baseKey":"BbP67/F+/SMs7v1innupAeellpe9iVXGFNWi/A8dY5Fy","preKeyId":6909247}}},"version":"v1"}