{"_sessions":{"BWoQgUvTNdwKOYHrqEQ49A3ThAXbIul/nHmQf22vEa0N":{"registrationId":1103932137,"currentRatchet":{"ephemeralKeyPair":{"pubKey":"BXREo9kTNIZNhIWSmhNhuRlPcuSsyNcRArBkMwiv5dp8","privKey":"iHrRtr9JFxdkQpqbdFkz+efmCE95hzDkuEH6xivkJkg="},"lastRemoteEphemeralKey":"BfjmcOXW983lPOPuhWsDg/obA2GLZKykubulTn2+5IRx","previousCounter":0,"rootKey":"J3Q2O98qPgn/citGz9okbW5C6LYrmKBfRim0EgDGoC0="},"indexInfo":{"baseKey":"BWoQgUvTNdwKOYHrqEQ49A3ThAXbIul/nHmQf22vEa0N","baseKeyType":1,"closed":-1,"used":1769797749278,"created":1769797749278,"remoteIdentityKey":"Bd1Je2Q1+yRmBVUY/RKTX1gWmmXCjwoCyq5SFGbRzWQc"},"_chains":{"BXREo9kTNIZNhIWSmhNhuRlPcuSsyNcRArBkMwiv5dp8":{"chainKey":{"counter":0,"key":"hXVmNkRmgM/ja/TwIIH76/HXydOo2RA0ltJ4IVP5CsE="},"chainType":1,"messageKeys":{}}},"pendingPreKey":{"signedKeyId":6178853,"baseKey":"BWoQgUvTNdwKOYHrqEQ49A3ThAXbIul/nHmQf22vEa0N","preKeyId":10251746}}},"version":"v1"}