{"_sessions":{"BcJtXh7IZwq4cGQBo64XK4/ECuLp3i8LPzdxcYaBKVUc":{"registrationId":1759068053,"currentRatchet":{"ephemeralKeyPair":{"pubKey":"BR8CDmTG93asq2fMmpXvepjAUBDMZNqf5eRWV4QwXsMv","privKey":"yAVThFi7FPvQsCG8tT23Qx674N4QYzsK4mi0e9ub7V4="},"lastRemoteEphemeralKey":"BeU2QtKzBfvG/ZHJOAI+cnRvhPdIxAu6QzrGRdxQw2hf","previousCounter":0,"rootKey":"Ugd/rXjGeht0VB+IvQZuAggBDHjwtZEmJMNrCr3aMfc="},"indexInfo":{"baseKey":"BcJtXh7IZwq4cGQBo64XK4/ECuLp3i8LPzdxcYaBKVUc","baseKeyType":1,"closed":-1,"used":1769797748699,"created":1769797748699,"remoteIdentityKey":"BaQxDtAeHQbzrjBfFcf40YqeYyXfW50dAJxz6VuNKDUi"},"_chains":{"BR8CDmTG93asq2fMmpXvepjAUBDMZNqf5eRWV4QwXsMv":{"chainKey":{"counter":0,"key":"QsMp976GHeX+ZdBFRfJSEg8MiV9o/KYNimdxpUiCil0="},"chainType":1,"messageKeys":{}}},"pendingPreKey":{"signedKeyId":4792449,"baseKey":"BcJtXh7IZwq4cGQBo64XK4/ECuLp3i8LPzdxcYaBKVUc","preKeyId":14233493}}},"version":"v1"}