{"_sessions":{"BSQ7iZzOF6wEFHZsJwh9Z9xvGbvqt8S2+ROQCWb82Fcl":{"registrationId":2104082584,"currentRatchet":{"ephemeralKeyPair":{"pubKey":"BXbh7pvVT3pLmPWsG6/2MqhjhIUVoBR68lxPxHs2boQo","privKey":"SCXPmADZkA1fX/F/qiTUg0C5cG5nNiy3j8RYKen6N0c="},"lastRemoteEphemeralKey":"BaSQIw/KJnukEYpYYwbOxz5nN9/gWqcwa/3/0jxclyEv","previousCounter":0,"rootKey":"S3TgSQOHYQMH2T+1VHq6fDYVuN4N4l67HEBoTExbFPI="},"indexInfo":{"baseKey":"BSQ7iZzOF6wEFHZsJwh9Z9xvGbvqt8S2+ROQCWb82Fcl","baseKeyType":1,"closed":-1,"used":1769797749677,"created":1769797749677,"remoteIdentityKey":"BbbKzvlHWiaMThhjVSkG095Lto2khgPZDO1pt6/Lfn9B"},"_chains":{"BXbh7pvVT3pLmPWsG6/2MqhjhIUVoBR68lxPxHs2boQo":{"chainKey":{"counter":0,"key":"Iqugda+TDVDNnjvrv/XmR+3RsG7UfIdKXGO69elCKkE="},"chainType":1,"messageKeys":{}}},"pendingPreKey":{"signedKeyId":15664989,"baseKey":"BSQ7iZzOF6wEFHZsJwh9Z9xvGbvqt8S2+ROQCWb82Fcl","preKeyId":10064129}}},"version":"v1"}