{"_sessions":{"Balq4Dbk52wzA2pBYDCzgrEP9cIU8nUdWAJDze9x4jE1":{"registrationId":1068459621,"currentRatchet":{"ephemeralKeyPair":{"pubKey":"Bekv2441J4piw6XhOXKymSdr9jLdU/Z+Dto/wpFw9phQ","privKey":"sH5pY/YBhNyQmXnR4viLWMkkxKust9Hbuex9C8PtYVs="},"lastRemoteEphemeralKey":"BWCOKcWJ6qnqaTe5eZKjkS8DwDr97kklnKkIvDRIEX0G","previousCounter":0,"rootKey":"nWI6uxhEAw/TgGAKvmhcNPk+ThBqSwdmaaq/XP5H/Cc="},"indexInfo":{"baseKey":"Balq4Dbk52wzA2pBYDCzgrEP9cIU8nUdWAJDze9x4jE1","baseKeyType":1,"closed":-1,"used":1769797748684,"created":1769797748684,"remoteIdentityKey":"BQTfG8k9v5sINZP/Omx7Al/36g9cqLz2PcV+Zg4I6MI8"},"_chains":{"Bekv2441J4piw6XhOXKymSdr9jLdU/Z+Dto/wpFw9phQ":{"chainKey":{"counter":0,"key":"gK/+Fp3WZVGiYUI67Hf0P5NKbNPhD+zubMFkbSsI8ko="},"chainType":1,"messageKeys":{}}},"pendingPreKey":{"signedKeyId":9543525,"baseKey":"Balq4Dbk52wzA2pBYDCzgrEP9cIU8nUdWAJDze9x4jE1","preKeyId":15901591}}},"version":"v1"}