{"_sessions":{"BYlw3gYDadc2dwxrjDyHMW8odyAdc8IHPwozh7WqT7sk":{"registrationId":268342181,"currentRatchet":{"ephemeralKeyPair":{"pubKey":"BUImuJvAqdSGokdcxdDdd5HyGZiR9OkAyiVi8UFvqcMl","privKey":"gAKh6FHs5VmozrtJK5LK2Ddu5SODcjKfRqvcfgECnkw="},"lastRemoteEphemeralKey":"BcbkF5IaAoNzZjUXchGL+4OLA8pZFprIVo1VvhPQNyFJ","previousCounter":0,"rootKey":"arOHH67vzeh1FXZbdJbKLJ9ek/fUiuP7YC7e2Xi3F/I="},"indexInfo":{"baseKey":"BYlw3gYDadc2dwxrjDyHMW8odyAdc8IHPwozh7WqT7sk","baseKeyType":1,"closed":1769820822971,"used":1769797749085,"created":1769797749085,"remoteIdentityKey":"BQUThGReRCq6ceHt6J3tiQR634KvSf4ToZhzZMF96OIk"},"_chains":{"BUImuJvAqdSGokdcxdDdd5HyGZiR9OkAyiVi8UFvqcMl":{"chainKey":{"counter":0,"key":"/o6PvYAlmmjobcDnSYOAk+x8EDVdZtJySLACKvPUQnA="},"chainType":1,"messageKeys":{}}},"pendingPreKey":{"signedKeyId":7133745,"baseKey":"BYlw3gYDadc2dwxrjDyHMW8odyAdc8IHPwozh7WqT7sk","preKeyId":6980255}},"BYUXxjQP2wrC4AXa91Ct06j5kCpsBDPpCx7FYYS3l2xy":{"registrationId":268342181,"currentRatchet":{"ephemeralKeyPair":{"pubKey":"BS2ZUyyIdt4mbsdAbtvRmrVXwQlfPGIVHes7AVtMO2RK","privKey":"KPyaABnDs+QWDBqrtpP6viUTdGlGlj6tTfLGy6t970w="},"lastRemoteEphemeralKey":"BcbkF5IaAoNzZjUXchGL+4OLA8pZFprIVo1VvhPQNyFJ","previousCounter":0,"rootKey":"8XfhLfwbShVIntPfwr9O0UAe2YJLUJVg9GSh8iX07RQ="},"indexInfo":{"baseKey":"BYUXxjQP2wrC4AXa91Ct06j5kCpsBDPpCx7FYYS3l2xy","baseKeyType":1,"closed":1769820825027,"used":1769820822963,"created":1769820822963,"remoteIdentityKey":"BQUThGReRCq6ceHt6J3tiQR634KvSf4ToZhzZMF96OIk"},"_chains":{"BS2ZUyyIdt4mbsdAbtvRmrVXwQlfPGIVHes7AVtMO2RK":{"chainKey":{"counter":-1,"key":"tzKOgAIQIO8mjkAjt1nc1d8emwlq1XXwX89p5XqETSw="},"chainType":1,"messageKeys":{}}},"pendingPreKey":{"signedKeyId":7133745,"baseKey":"BYUXxjQP2wrC4AXa91Ct06j5kCpsBDPpCx7FYYS3l2xy","preKeyId":6980257}},"Ba3154RvbKz5M+GqnOF0d7bkERU1ZCD0ZdJsLNSX6bkG":{"registrationId":268342181,"currentRatchet":{"ephemeralKeyPair":{"pubKey":"BTMgjWUdGYEdBYgPHpuKnXjh7zMxHoCIPhhhcju6lkdY","privKey":"iN1GN7ndhbpPGfI7eI5zHl+1eTvT0CN0bPlDgQ6Ff18="},"lastRemoteEphemeralKey":"BcbkF5IaAoNzZjUXchGL+4OLA8pZFprIVo1VvhPQNyFJ","previousCounter":0,"rootKey":"BOpXEstB/CmwZAEIEFuu2JBN3MKswdu3051JCf+TbKQ="},"indexInfo":{"baseKey":"Ba3154RvbKz5M+GqnOF0d7bkERU1ZCD0ZdJsLNSX6bkG","baseKeyType":1,"closed":-1,"used":1769820825002,"created":1769820825002,"remoteIdentityKey":"BQUThGReRCq6ceHt6J3tiQR634KvSf4ToZhzZMF96OIk"},"_chains":{"BTMgjWUdGYEdBYgPHpuKnXjh7zMxHoCIPhhhcju6lkdY":{"chainKey":{"counter":-1,"key":"X7suSjvo667xrxEpXylhEPvAT2a2XReNi5saQgZN27w="},"chainType":1,"messageKeys":{}}},"pendingPreKey":{"signedKeyId":7133745,"baseKey":"Ba3154RvbKz5M+GqnOF0d7bkERU1ZCD0ZdJsLNSX6bkG","preKeyId":6979995}}},"version":"v1"}