{"_sessions":{"BSKLjcaz9Vp1QqMEk55x7kIR2p3PelqvbWIuv91WIrhY":{"registrationId":120387088,"currentRatchet":{"ephemeralKeyPair":{"pubKey":"BcxN/GXx0paszaxqxoD1Dq1O3RudMdlJTZJEJxSMCL18","privKey":"AB6satcGUFk0VVe83Tcfes4efiOxNS+DtAKnyCkajHY="},"lastRemoteEphemeralKey":"BdkE0QIUtaJDRtVwMdmSIUhj4jaz6qDq8By/lHSZi1hq","previousCounter":0,"rootKey":"WyEFJzh9V9e2P3Dk+eZPQE4whOxYnzntbUvqV/LK7Qw="},"indexInfo":{"baseKey":"BSKLjcaz9Vp1QqMEk55x7kIR2p3PelqvbWIuv91WIrhY","baseKeyType":1,"closed":-1,"used":1769797749201,"created":1769797749201,"remoteIdentityKey":"Ba3lVXtvwnbpD6+EXHPh2hA8qUF0myYOloMcxSMjBThJ"},"_chains":{"BcxN/GXx0paszaxqxoD1Dq1O3RudMdlJTZJEJxSMCL18":{"chainKey":{"counter":0,"key":"nrwqAP7h3CazFqDKfEOEc1EUL1uHscT7SsPS6NhlRfQ="},"chainType":1,"messageKeys":{}}},"pendingPreKey":{"signedKeyId":14608579,"baseKey":"BSKLjcaz9Vp1QqMEk55x7kIR2p3PelqvbWIuv91WIrhY","preKeyId":4619393}}},"version":"v1"}