{"_sessions":{"BaKhGf0A1UgEBTVKidn3wqIOzRZuVkqBbylEA+9B5DZw":{"registrationId":233,"currentRatchet":{"ephemeralKeyPair":{"pubKey":"BTKWvt2TRqj6vH85quT+2a00O7rrrf0BUIURIipyUpxR","privKey":"YNzXPiVwKFungKV2uJxCdlWnE8FnwTJ9RBmpkASf63M="},"lastRemoteEphemeralKey":"BZe8gx3WYKTbZww5VVnGsQeKx5uATbweS6BaaCETal0t","previousCounter":0,"rootKey":"tvYxW/XUTxqdG4c30huindxLxkmzjHnLwPC4YkwKTYI="},"indexInfo":{"baseKey":"BaKhGf0A1UgEBTVKidn3wqIOzRZuVkqBbylEA+9B5DZw","baseKeyType":1,"closed":-1,"used":1769797749578,"created":1769797749578,"remoteIdentityKey":"BUSXA+Dl8p5G7UNCndlbLPCnWX+A/weM16EELL1gz0oQ"},"_chains":{"BTKWvt2TRqj6vH85quT+2a00O7rrrf0BUIURIipyUpxR":{"chainKey":{"counter":0,"key":"SxdHV/C0D/N1rSiLQZvNU71Z7UBcV7ey6vV/fbHG9iA="},"chainType":1,"messageKeys":{}}},"pendingPreKey":{"signedKeyId":1,"baseKey":"BaKhGf0A1UgEBTVKidn3wqIOzRZuVkqBbylEA+9B5DZw","preKeyId":77}}},"version":"v1"}