{"_sessions":{"BXZH0VrlBd1rAtfcCsR8/LqGmr/cSusrj7pCZfVYjpYq":{"registrationId":44374283,"currentRatchet":{"ephemeralKeyPair":{"pubKey":"BeJhk5UvBXS724fa2v8inaQ08EM7RY5HnXcR/KF4OMY3","privKey":"YLMZ6DGrEnVaeRAmMtbOrgAoxYYh5o/gZ14FH0E/w2E="},"lastRemoteEphemeralKey":"BTx0gKgsW8+YF6TFPXfR46/E0csSkMhh8Itcd8dHXaMP","previousCounter":0,"rootKey":"qhelkwJaLrP2qgnWlywwDhiAu1N357x9eLqdeT2s5WE="},"indexInfo":{"baseKey":"BXZH0VrlBd1rAtfcCsR8/LqGmr/cSusrj7pCZfVYjpYq","baseKeyType":1,"closed":-1,"used":1769797749347,"created":1769797749347,"remoteIdentityKey":"BauGDFjLjcM5+zBDGeP4WzsJfyYpxnmXM6PIroPK6E8N"},"_chains":{"BeJhk5UvBXS724fa2v8inaQ08EM7RY5HnXcR/KF4OMY3":{"chainKey":{"counter":0,"key":"QeTFNmwlbfuj10EmbEnBU1eN9iYgmKU3sdmq/IVCkLg="},"chainType":1,"messageKeys":{}}},"pendingPreKey":{"signedKeyId":11690130,"baseKey":"BXZH0VrlBd1rAtfcCsR8/LqGmr/cSusrj7pCZfVYjpYq","preKeyId":5555740}}},"version":"v1"}