{"_sessions":{"BQvmBM0434BUkDhNxOMw6a6BFf4sEEPv/bNZt2iBIDYQ":{"registrationId":545063166,"currentRatchet":{"ephemeralKeyPair":{"pubKey":"BQ1pFWlBhcaAeHbjdPKWZmnsTSrj/hwjHNhzUFmAV4AF","privKey":"yDgPy/1XGztWbq2Fprcfb8/8sEGhDouLID0JfOKm+38="},"lastRemoteEphemeralKey":"BVTjFL67pvAn9Xvf8LA/0GMV+3BjPI0YhQvljZ2KRNcJ","previousCounter":0,"rootKey":"DdKBkL069XqV5nZpjpjxEHeezxDfTvpp/iVBYftSlw8="},"indexInfo":{"baseKey":"BQvmBM0434BUkDhNxOMw6a6BFf4sEEPv/bNZt2iBIDYQ","baseKeyType":1,"closed":-1,"used":1769797749153,"created":1769797749153,"remoteIdentityKey":"BQUfWlr3htw14K4kFsNLJhK5eb37/rIN5GhYi+w5SbRp"},"_chains":{"BQ1pFWlBhcaAeHbjdPKWZmnsTSrj/hwjHNhzUFmAV4AF":{"chainKey":{"counter":0,"key":"2JWujvh69SDinh4KQbtUNFJSQIObwNYMwEODJplxp6w="},"chainType":1,"messageKeys":{}}},"pendingPreKey":{"signedKeyId":1983761,"baseKey":"BQvmBM0434BUkDhNxOMw6a6BFf4sEEPv/bNZt2iBIDYQ","preKeyId":3497237}}},"version":"v1"}