{"_sessions":{"BcF5k1L5McXRYI4NGdZ27KWgZvhnDvieyUVP6M33mTVR":{"registrationId":1917632022,"currentRatchet":{"ephemeralKeyPair":{"pubKey":"BQ6/R3zY5C0g1z8CTJB5FxZz3vb5zOKYtJksBJUhvDM8","privKey":"6G1Zb1UjxkRS9BY1c4vjUyQNDy3jLgvTIbtR1/UC81s="},"lastRemoteEphemeralKey":"BQ7gSnE1L1sfELJ/PS4XgVFhN4r3KRQ/87vz5fBZRiZ4","previousCounter":0,"rootKey":"3R+eKKvs3IvtG75KUxLkALayoLA1VzAwTRjHXbeAoE4="},"indexInfo":{"baseKey":"BcF5k1L5McXRYI4NGdZ27KWgZvhnDvieyUVP6M33mTVR","baseKeyType":1,"closed":-1,"used":1769797749237,"created":1769797749237,"remoteIdentityKey":"BdYjwWQqdZPVqjiIgAyexasbb5FmVRUwgMPODsfRRv06"},"_chains":{"BQ6/R3zY5C0g1z8CTJB5FxZz3vb5zOKYtJksBJUhvDM8":{"chainKey":{"counter":0,"key":"RRea5ITioXtYOefqabFxWl/vBU8gcJSs3SwcafEA6/8="},"chainType":1,"messageKeys":{}}},"pendingPreKey":{"signedKeyId":7749408,"baseKey":"BcF5k1L5McXRYI4NGdZ27KWgZvhnDvieyUVP6M33mTVR","preKeyId":4322746}}},"version":"v1"}