{"_sessions":{"BfthJUSX6BB4wAqMm3dAMEjIjfzAhJsW9EQGGcl0w+RJ":{"registrationId":1851599556,"currentRatchet":{"ephemeralKeyPair":{"pubKey":"BddQR6bIk160ZGahPTMawKDWL/JXehy6siZtKg854WUH","privKey":"EHlK/SgJeSPWfR1q9tI+FF3aE4Qc24vpeJPVBd90sHw="},"lastRemoteEphemeralKey":"BfMlPNt6RPhVd38bULBrKwQQVlB0QP7oUvY3Wr9JmKwT","previousCounter":0,"rootKey":"RfrJ+gy5dXXUuT135GB6GkZanoeegVHuSF/LkE0XzAw="},"indexInfo":{"baseKey":"BfthJUSX6BB4wAqMm3dAMEjIjfzAhJsW9EQGGcl0w+RJ","baseKeyType":1,"closed":-1,"used":1769797749441,"created":1769797749441,"remoteIdentityKey":"BWthtQDvTlOyT+XK22B1AkUB3hjUg1OwaLpVYkHatFQu"},"_chains":{"BddQR6bIk160ZGahPTMawKDWL/JXehy6siZtKg854WUH":{"chainKey":{"counter":0,"key":"8YhHzEkjgMOCpFZzQ+sHuNd7fIffr9KCyMuT7Js7B8s="},"chainType":1,"messageKeys":{}}},"pendingPreKey":{"signedKeyId":4178086,"baseKey":"BfthJUSX6BB4wAqMm3dAMEjIjfzAhJsW9EQGGcl0w+RJ","preKeyId":5100085}}},"version":"v1"}