{"_sessions":{"BfqQzIKEdBorCDJ2yiMb3JBczdIM/pbDQXwQ322ERckP":{"registrationId":1556399090,"currentRatchet":{"ephemeralKeyPair":{"pubKey":"BXbeIlYpl/u/8KVNiNTvYREsDlfqeWwIKlEBE2Gjz8od","privKey":"sOlU6UtBjOM2l2oorjqNO/Uwn7HU0G9kKLxOdQWxGGc="},"lastRemoteEphemeralKey":"BTtoNXB16BktkOo2qOucMnSHmiiF9Z5oRQY/WgLaLwZP","previousCounter":0,"rootKey":"AGRzUzE9rY8nEKcxl0M3D+SFWr35LEwwwz1rMJHGiRY="},"indexInfo":{"baseKey":"BfqQzIKEdBorCDJ2yiMb3JBczdIM/pbDQXwQ322ERckP","baseKeyType":1,"closed":-1,"used":1769797749144,"created":1769797749144,"remoteIdentityKey":"Beh4wYTTPNeu0md3s2o+XUgR0szSwn8U0GYlNjgvFwl3"},"_chains":{"BXbeIlYpl/u/8KVNiNTvYREsDlfqeWwIKlEBE2Gjz8od":{"chainKey":{"counter":0,"key":"B7j8lEHJUfiU/hKhZTi+kfx//Pm6CWWUoHY3MzEyjKA="},"chainType":1,"messageKeys":{}}},"pendingPreKey":{"signedKeyId":3307172,"baseKey":"BfqQzIKEdBorCDJ2yiMb3JBczdIM/pbDQXwQ322ERckP","preKeyId":865609}}},"version":"v1"}