{"_sessions":{"Bcy7S0USfliQz03FZnAtMFh+NrXmuklZ54g3wBIy37A+":{"registrationId":142,"currentRatchet":{"ephemeralKeyPair":{"pubKey":"BUd/KwrfDV5C2S+PXH1unD44EIh695/3GOOOpYD9ZrAQ","privKey":"GDd/9M4iWMDBh0eVru/SSKFhJ5AS5qTgMTieXorXpkE="},"lastRemoteEphemeralKey":"BRnD2arjN+f8aBCBVANK+cZtWKikHRmR7sE66G6xtkk6","previousCounter":0,"rootKey":"GBzYr6v0bimgMM3Qc7tkf9ewsqGKNWBzXHKBn3u8zl8="},"indexInfo":{"baseKey":"Bcy7S0USfliQz03FZnAtMFh+NrXmuklZ54g3wBIy37A+","baseKeyType":1,"closed":-1,"used":1769797749570,"created":1769797749570,"remoteIdentityKey":"BZZOi3NGRs3vSga3zpfbTHKLAOphh/xuErJSG81oirkg"},"_chains":{"BUd/KwrfDV5C2S+PXH1unD44EIh695/3GOOOpYD9ZrAQ":{"chainKey":{"counter":0,"key":"iVN0QO/zANdn058cc99eiyAzysxYmn4ylA+z/s+bOpY="},"chainType":1,"messageKeys":{}}},"pendingPreKey":{"signedKeyId":1,"baseKey":"Bcy7S0USfliQz03FZnAtMFh+NrXmuklZ54g3wBIy37A+"}}},"version":"v1"}