{"_sessions":{"BV2vYNKa+PnRF6o2NFC3dWD/XoIY85IL/KxTJUB/ibUd":{"registrationId":1426936740,"currentRatchet":{"ephemeralKeyPair":{"pubKey":"BTqqcm1h7/hj3bx0J/lK9mPjBfccuQMUfRREm2bGTOMj","privKey":"CGwxqIX3QaXLj1tX35J/uSjpiDWEcQAANOuM3wGjNUk="},"lastRemoteEphemeralKey":"BT0LYOJQB5gJR6Nu4bwAymri2jk/5qubAAgKM76sclx3","previousCounter":0,"rootKey":"pZxXq5Up56RLRwCKqIzxdjfdrYFCP/4mB9e7TuedQNg="},"indexInfo":{"baseKey":"BV2vYNKa+PnRF6o2NFC3dWD/XoIY85IL/KxTJUB/ibUd","baseKeyType":1,"closed":-1,"used":1769797749489,"created":1769797749489,"remoteIdentityKey":"BULDv3TToDCFmb64zu40PdTuVvvOkPUDhvG7JEYDfWp9"},"_chains":{"BTqqcm1h7/hj3bx0J/lK9mPjBfccuQMUfRREm2bGTOMj":{"chainKey":{"counter":0,"key":"hGaV672KvEiVRhUIyUYMUsGKlU7dtETch9X2U8eqZ4Y="},"chainType":1,"messageKeys":{}}},"pendingPreKey":{"signedKeyId":15400276,"baseKey":"BV2vYNKa+PnRF6o2NFC3dWD/XoIY85IL/KxTJUB/ibUd","preKeyId":7359944}}},"version":"v1"}