{"_sessions":{"BQMvuPv+9vXjAbGsK+VlPwa7bduU87on5Bclv89vOP42":{"registrationId":1572371503,"currentRatchet":{"ephemeralKeyPair":{"pubKey":"Ba2xS8nw0eliPkfWIrteyC36g0BQ7BXytTFei4smrjcw","privKey":"uOw6PXpPuV6WfzcJixRBbpYt+OgOOlLljVw0zvzvHnw="},"lastRemoteEphemeralKey":"BWn2ejXnyQ8KIv3WU2/LWLJtGN/Io/anPacgFIblX9R1","previousCounter":0,"rootKey":"7k4m8USmWdRc9QSNwAMbjOc/w16s8wyBYsR7W1lnBSI="},"indexInfo":{"baseKey":"BQMvuPv+9vXjAbGsK+VlPwa7bduU87on5Bclv89vOP42","baseKeyType":1,"closed":-1,"used":1769797749049,"created":1769797749049,"remoteIdentityKey":"BRiNxyYgauuaKcBuBuzTa/edCUs4L4yDbR3yffo39YEd"},"_chains":{"Ba2xS8nw0eliPkfWIrteyC36g0BQ7BXytTFei4smrjcw":{"chainKey":{"counter":0,"key":"v1/l0M3FS/iyneh8CzUL8QIBY9JqkNaFLcPPbn5thLE="},"chainType":1,"messageKeys":{}}},"pendingPreKey":{"signedKeyId":7653065,"baseKey":"BQMvuPv+9vXjAbGsK+VlPwa7bduU87on5Bclv89vOP42","preKeyId":11788760}}},"version":"v1"}