{"_sessions":{"BVNwrVC5WURf1cNk5P0hYdfz9M1zzOyJ9y5VuFZwbp4M":{"registrationId":2146348949,"currentRatchet":{"ephemeralKeyPair":{"pubKey":"BUTsLBRvUrs1lvt7BOXsZi4wV47g4hxhhJreRjdziMpO","privKey":"2H+r4oH9XiwWY9cLHuLR5Jzy4jfWbedS95XElDDim14="},"lastRemoteEphemeralKey":"BWHURnz1jjGIZaGI7bNeb9jOmrRhRt+IDfqnzH+BJ8xp","previousCounter":0,"rootKey":"1hor60tGfWbXbVwPwHMQm48zrCCNQTwWItXmsh4hMjc="},"indexInfo":{"baseKey":"BVNwrVC5WURf1cNk5P0hYdfz9M1zzOyJ9y5VuFZwbp4M","baseKeyType":1,"closed":-1,"used":1769797918529,"created":1769797748636,"remoteIdentityKey":"BQB73VeKUIJ1JExs/N7oc3C6RAV/GqxlSM/GWp+dWJhm"},"_chains":{"BWHURnz1jjGIZaGI7bNeb9jOmrRhRt+IDfqnzH+BJ8xp":{"chainKey":{"counter":0,"key":"aq4R7nOz2q7UYNft+UJtkOpahZ1Pax25pYiPsvRksnQ="},"chainType":2,"messageKeys":{}},"BUTsLBRvUrs1lvt7BOXsZi4wV47g4hxhhJreRjdziMpO":{"chainKey":{"counter":-1,"key":"ntklPO/KRGvk74D2mgx70fnMG4/bVHIyCB7NsYVr50Y="},"chainType":1,"messageKeys":{}}}}},"version":"v1"}