{"_sessions":{"BVIvrQ8wzs7c8mjBNJugVQkYODOsBcsnei5hlm4gp+Rb":{"registrationId":125641613,"currentRatchet":{"ephemeralKeyPair":{"pubKey":"BT2y1edZflWzlk49JpHShx9AyULkTQzSZWWOCu738IJX","privKey":"EHbzsizfs/utmk3M/MXo1YqE4+kw1YYK1yC2bjX280I="},"lastRemoteEphemeralKey":"Bf559Y0gYXd7AicgMY+XCaUgHeX2PtVfuQ4LsNTCB3UV","previousCounter":0,"rootKey":"O1YLJfwp5I/V7ghi3eqWoXq4H3+Ju2njpuRypnZUCD8="},"indexInfo":{"baseKey":"BVIvrQ8wzs7c8mjBNJugVQkYODOsBcsnei5hlm4gp+Rb","baseKeyType":1,"closed":-1,"used":1769797749127,"created":1769797749127,"remoteIdentityKey":"BWk5930jNMPHnRYsX99k/eMf84WgGXkd0slEolWwZlUi"},"_chains":{"BT2y1edZflWzlk49JpHShx9AyULkTQzSZWWOCu738IJX":{"chainKey":{"counter":0,"key":"uYOtBn5AqJnx1xPg+UzaAZ0D2vh9vebP78qjwFyUUUA="},"chainType":1,"messageKeys":{}}},"pendingPreKey":{"signedKeyId":4335702,"baseKey":"BVIvrQ8wzs7c8mjBNJugVQkYODOsBcsnei5hlm4gp+Rb","preKeyId":7063104}}},"version":"v1"}