{"_sessions":{"BbMUXhEuCWkhkcgri7pPEAY66aYvykUCYMw521uvTBVH":{"registrationId":836163061,"currentRatchet":{"ephemeralKeyPair":{"pubKey":"BRpDQxOsA1/JRWyHpM5LUvBIlRXNBNdzCqBwGP2Pv1d+","privKey":"sC2SBit7NlviaKABqqp4OUm08Omn6RsXwmvAAzO7RlY="},"lastRemoteEphemeralKey":"BfL0r4Db7m9jMjQ7NjoPKcM4a75n+anFXHTkrqSMDxFj","previousCounter":0,"rootKey":"C9XDSHnxZWsTorqpbfJAmaP8NxZ2JHpqY1+7Q00O5UY="},"indexInfo":{"baseKey":"BbMUXhEuCWkhkcgri7pPEAY66aYvykUCYMw521uvTBVH","baseKeyType":1,"closed":-1,"used":1769797748652,"created":1769797748652,"remoteIdentityKey":"BdklXRYhuVDh7CC809uWRfA8rdu1idRrRfUVirVlFWFO"},"_chains":{"BRpDQxOsA1/JRWyHpM5LUvBIlRXNBNdzCqBwGP2Pv1d+":{"chainKey":{"counter":0,"key":"es9PYVanIe3Sa1DBbVQenYoNIY2pwcEbu8X35IyA9U0="},"chainType":1,"messageKeys":{}}},"pendingPreKey":{"signedKeyId":1653874,"baseKey":"BbMUXhEuCWkhkcgri7pPEAY66aYvykUCYMw521uvTBVH","preKeyId":2085106}}},"version":"v1"}