{"_sessions":{"BQBx0Hgd+kyNeXurtItj+A82a8o+FMLJ2n+Yd5S61yAO":{"registrationId":218,"currentRatchet":{"ephemeralKeyPair":{"pubKey":"BY71PWcwKlfwSa1BtAMh+zTzzZS8j3Vw1GOjtvNB4A1H","privKey":"qL76KayWpGF5YACmBls9uzrH9C0aQGFkFrNcvaaJJkY="},"lastRemoteEphemeralKey":"BUT9EgpdVpkEGghOKsPKHjIgOdawxXPNbvKfu9s4cVEh","previousCounter":0,"rootKey":"VTM9/CEJjlq7ukLEuqyGA8kglJDaVzEnNXWLpTFWCDk="},"indexInfo":{"baseKey":"BQBx0Hgd+kyNeXurtItj+A82a8o+FMLJ2n+Yd5S61yAO","baseKeyType":1,"closed":-1,"used":1769791180082,"created":1769791180082,"remoteIdentityKey":"BbSvUwQVu/mYzfGThSHzWxnEHruKDpFTDgFBQnGB71pK"},"_chains":{"BY71PWcwKlfwSa1BtAMh+zTzzZS8j3Vw1GOjtvNB4A1H":{"chainKey":{"counter":75,"key":"SlKR3AShs/Iec0Ru38EjE07OV5J7fesS7mKIBYjJfWM="},"chainType":1,"messageKeys":{}}},"pendingPreKey":{"signedKeyId":1,"baseKey":"BQBx0Hgd+kyNeXurtItj+A82a8o+FMLJ2n+Yd5S61yAO"}}},"version":"v1"}