{"_sessions":{"BbZNfTRNHfUJOLUhDvNTTu7kQ495hHLjsT4Q3Mtkb3VO":{"registrationId":1922480398,"currentRatchet":{"ephemeralKeyPair":{"pubKey":"BdSLClR550gFD8Ot0PZEu71bQGxWWXn6GR7MD4f/vq5U","privKey":"UB4QAO93dlP02F0Znm3+9CWtIaC3V1NoRnM9YFJBQWY="},"lastRemoteEphemeralKey":"BcjIVxcgWlNYs6jtFudYJFgTOOwljhTXoIOfq6JgUx0o","previousCounter":0,"rootKey":"HRuxmDGuDIhwnS/ioZSoggbXaWvu6qYKEDI6irnfrfg="},"indexInfo":{"baseKey":"BbZNfTRNHfUJOLUhDvNTTu7kQ495hHLjsT4Q3Mtkb3VO","baseKeyType":1,"closed":-1,"used":1769797749329,"created":1769797749329,"remoteIdentityKey":"BXKx0EULO2xNcmUWRADG+KsOcfCW+dr/R92Pi1LY811/"},"_chains":{"BdSLClR550gFD8Ot0PZEu71bQGxWWXn6GR7MD4f/vq5U":{"chainKey":{"counter":0,"key":"xg2bonvUpa0mt+rIsN0iIRCiixkppmVbPOT1Kg/7/tM="},"chainType":1,"messageKeys":{}}},"pendingPreKey":{"signedKeyId":11598634,"baseKey":"BbZNfTRNHfUJOLUhDvNTTu7kQ495hHLjsT4Q3Mtkb3VO"}}},"version":"v1"}