{"_sessions":{"BZk53LLf2qhhCJrcFyP6ZhW9nwffU9bVW2kDonMg1dIb":{"registrationId":1996134549,"currentRatchet":{"ephemeralKeyPair":{"pubKey":"BRXPk6O00FKwsCBe0Qddm8zUkpUpXpASp4GNeMOwdddN","privKey":"ML1tkcIvtSqfezswYaHd0uW6HBuW7zAN2CFyfjGw7no="},"lastRemoteEphemeralKey":"BSh2Zyk1w2upjtoa8d7mg28QI8BSHGWlHKpGA2EuuxZI","previousCounter":0,"rootKey":"+XojuHfpU9vmpzyZyk6HrwHtpt1K13gMdj8qlIp5vzA="},"indexInfo":{"baseKey":"BZk53LLf2qhhCJrcFyP6ZhW9nwffU9bVW2kDonMg1dIb","baseKeyType":1,"closed":-1,"used":1769797749066,"created":1769797749066,"remoteIdentityKey":"BcVv1fXoeusBrvijfW+BrFxRa4SSVmYOIqPj5RuFhGc/"},"_chains":{"BRXPk6O00FKwsCBe0Qddm8zUkpUpXpASp4GNeMOwdddN":{"chainKey":{"counter":0,"key":"p33dCg67Z8F0i1YKoNkuHSTmYEPHhWjpi15APbm4r8I="},"chainType":1,"messageKeys":{}}},"pendingPreKey":{"signedKeyId":1785730,"baseKey":"BZk53LLf2qhhCJrcFyP6ZhW9nwffU9bVW2kDonMg1dIb","preKeyId":236}}},"version":"v1"}