{"_sessions":{"BdLHR4NU43UgDgab5P7Ep2TUx/n+F25KueiOUqvZUFEk":{"registrationId":1877999380,"currentRatchet":{"ephemeralKeyPair":{"pubKey":"Ba6Xx0Mzleol2AqjSCceFoSrwzQ894FImEOTaKJ082dN","privKey":"IMsIuH3Bjc/4Fxc+ELI4jCSyeGbpXrBtAvWEL/IA6ls="},"lastRemoteEphemeralKey":"BSk6yBiqOAheReW4CJ6UZowOPxbfBakbsi2DR02JPW8d","previousCounter":0,"rootKey":"x6cs8j/wLKLUSyNSUEc9HavYGNHXtLAU+KCKQmmcMHg="},"indexInfo":{"baseKey":"BdLHR4NU43UgDgab5P7Ep2TUx/n+F25KueiOUqvZUFEk","baseKeyType":1,"closed":-1,"used":1769797749322,"created":1769797749322,"remoteIdentityKey":"Batk1n11RIg/KcX1Y392yt2ekIW5KqCgVzEXzSzxjq9h"},"_chains":{"Ba6Xx0Mzleol2AqjSCceFoSrwzQ894FImEOTaKJ082dN":{"chainKey":{"counter":0,"key":"ht9O0KQ3RruFE2aLXX+GLjIhl+C5bAMfQYG41Ro/LkE="},"chainType":1,"messageKeys":{}}},"pendingPreKey":{"signedKeyId":3487604,"baseKey":"BdLHR4NU43UgDgab5P7Ep2TUx/n+F25KueiOUqvZUFEk","preKeyId":8721412}}},"version":"v1"}