{"_sessions":{"BU6gVO+pfqji1IxRxX2xmYPgRRvzW3523ONCX4F5IF84":{"registrationId":1928125791,"currentRatchet":{"ephemeralKeyPair":{"pubKey":"BUqxuhoEyZauQ+LQRu7l+Op+H7O7/HFLIszZhTE0eBBM","privKey":"iL1vkDTDFuWQ1DWFMcPAz6HOP2nax9m18EcK+/28OEo="},"lastRemoteEphemeralKey":"BZMaQRKl4lMZ2NqYJQs2s9O7V0I2y+DNfNAWfqZuaYIH","previousCounter":0,"rootKey":"FTskV0hv7JyiqXLIa/S6W5O/2HjAsQ38zGvbuYZQD0E="},"indexInfo":{"baseKey":"BU6gVO+pfqji1IxRxX2xmYPgRRvzW3523ONCX4F5IF84","baseKeyType":2,"closed":1769791198604,"used":1769791179252,"created":1769789753666,"remoteIdentityKey":"Bd1BtHzWijpo9qkopTWEp2CCop3uOWSM7MdwK/oAWK0W"},"_chains":{"BZrnWKEtJ3YS0dn9FZocPrVqjkGA0LhWh9TygkQkdu9f":{"chainKey":{"counter":0},"chainType":2,"messageKeys":{}},"BZMaQRKl4lMZ2NqYJQs2s9O7V0I2y+DNfNAWfqZuaYIH":{"chainKey":{"counter":0,"key":"UywIrKxtXi5plE0ZrelLhQN2gi0OoRNbUk/m6KCGtNY="},"chainType":2,"messageKeys":{}},"BUqxuhoEyZauQ+LQRu7l+Op+H7O7/HFLIszZhTE0eBBM":{"chainKey":{"counter":-1,"key":"Pqm3oFXPO+KpdzKFNnhFRS0eSBCuymhn+HEHN/nZeO0="},"chainType":1,"messageKeys":{}}}},"BeCZK1PGRO0dbO+APn2LdZ8seW6wNiVW84WksZ1wEZ4m":{"registrationId":1928125791,"currentRatchet":{"ephemeralKeyPair":{"pubKey":"BegmyrpjTKmc2DD35cO4HMoxGnrjP4LQg93zwXYXXncX","privKey":"yI4T0Wycm3FiMMsRqdqWGxudygyfhEqxO8pij9XGDH0="},"lastRemoteEphemeralKey":"BRZMHAGhFccKt26M0MiGxh1si1/qtVi0sqjT7IamfaNq","previousCounter":0,"rootKey":"nn5fSzO2QJpIgTKdTVG6X/dbTcn9Sh/eCLuIfCY3eh4="},"indexInfo":{"baseKey":"BeCZK1PGRO0dbO+APn2LdZ8seW6wNiVW84WksZ1wEZ4m","baseKeyType":2,"closed":1769791234450,"used":1769791198614,"created":1769791198614,"remoteIdentityKey":"Bd1BtHzWijpo9qkopTWEp2CCop3uOWSM7MdwK/oAWK0W"},"_chains":{"BRZMHAGhFccKt26M0MiGxh1si1/qtVi0sqjT7IamfaNq":{"chainKey":{"counter":0,"key":"pev1L8+mL/zQ9DkNdKMPsAcD+5chFIr5wboj7MDT8vA="},"chainType":2,"messageKeys":{}},"BegmyrpjTKmc2DD35cO4HMoxGnrjP4LQg93zwXYXXncX":{"chainKey":{"counter":-1,"key":"8/758m0/b6VEffVyg5zUOr+yTEECW9o3XPwaZAVqH/I="},"chainType":1,"messageKeys":{}}}},"Be7WcdRtb4HvLFhG0uLQbHZJp5utbWVm3bCFjhBQHXIg":{"registrationId":1928125791,"currentRatchet":{"ephemeralKeyPair":{"pubKey":"BbGkZaBM2ZQk6C9yFkOvwmfMw3Hmod+FD0km0X1y2dR2","privKey":"UKFdk42sG3Sh72x/oUtGu5+hZLYzhWLxtxaE/T0Ed2g="},"lastRemoteEphemeralKey":"Bdf4vvpi8MhMe/w05ItN2Q0P4mvBYGtFqMjysqqHIIdv","previousCounter":0,"rootKey":"JHQ4e7up+KXns4/88X58UXLmbr4txhl75Fv0F+AcCUo="},"indexInfo":{"baseKey":"Be7WcdRtb4HvLFhG0uLQbHZJp5utbWVm3bCFjhBQHXIg","baseKeyType":2,"closed":1769791256604,"used":1769791234467,"created":1769791234467,"remoteIdentityKey":"Bd1BtHzWijpo9qkopTWEp2CCop3uOWSM7MdwK/oAWK0W"},"_chains":{"Bdf4vvpi8MhMe/w05ItN2Q0P4mvBYGtFqMjysqqHIIdv":{"chainKey":{"counter":0,"key":"QeQxUxZp5M+2L0HpkYV3rihxRsRhPtBIi6w3QK/LOHk="},"chainType":2,"messageKeys":{}},"BbGkZaBM2ZQk6C9yFkOvwmfMw3Hmod+FD0km0X1y2dR2":{"chainKey":{"counter":-1,"key":"/zYf3rArjjp44oSmdcp+6JmxBM18e8OoqibAzfDQ3Zo="},"chainType":1,"messageKeys":{}}}},"BQhzisGMh3vyVcjvcRsiHVt0YrZfcTOzXRBh9/PGRIZb":{"registrationId":1928125791,"currentRatchet":{"ephemeralKeyPair":{"pubKey":"BV/vT3ERVKVODqhvrwmWq+6kGaDlRjVifkBkyV6/6Foy","privKey":"cFAznfhvGSLjK9M8bWrVQhplmkVGb0cDw1DDUDA6DVo="},"lastRemoteEphemeralKey":"Bd/ab9JWBsarux21HAlXnuv/zV5lziI6/jKgYnYb+ZgN","previousCounter":0,"rootKey":"nIMo6CS9e21eqGL0TICm/dz2dm5fKr/X8cWYTtMo4xQ="},"indexInfo":{"baseKey":"BQhzisGMh3vyVcjvcRsiHVt0YrZfcTOzXRBh9/PGRIZb","baseKeyType":2,"closed":1769791293954,"used":1769791256611,"created":1769791256610,"remoteIdentityKey":"Bd1BtHzWijpo9qkopTWEp2CCop3uOWSM7MdwK/oAWK0W"},"_chains":{"Bd/ab9JWBsarux21HAlXnuv/zV5lziI6/jKgYnYb+ZgN":{"chainKey":{"counter":0,"key":"zbOOls+RXnF44mwHCHgeLG5NyoVE7E0pZjCi2PwBYsM="},"chainType":2,"messageKeys":{}},"BV/vT3ERVKVODqhvrwmWq+6kGaDlRjVifkBkyV6/6Foy":{"chainKey":{"counter":-1,"key":"JMC0bXiE2kt0pJecz5CQulea9ggec7bFdt1zAoqGOfc="},"chainType":1,"messageKeys":{}}}},"BffH/ataoOq2n9zJzcI3Yxe+sdQDmsWkzr8o1jTnaHwR":{"registrationId":1928125791,"currentRatchet":{"ephemeralKeyPair":{"pubKey":"BUkdi20GViSTVu499Bgc2rvKDETyYExP5ZXrHwjHlbAb","privKey":"OLljirfoV5qzFjn0nZZWCmwYPvR2kuxjqKF7e3jUbEs="},"lastRemoteEphemeralKey":"BczO0nMwOPNaVVlaeRH9YXOupxA/UVssQMApPj89Lk0K","previousCounter":0,"rootKey":"TYFMEaGLoWWg6LtFBJkO0oXYb2+lZIHwYVl1qfdaUuo="},"indexInfo":{"baseKey":"BffH/ataoOq2n9zJzcI3Yxe+sdQDmsWkzr8o1jTnaHwR","baseKeyType":2,"closed":1769791321221,"used":1769791293976,"created":1769791293976,"remoteIdentityKey":"Bd1BtHzWijpo9qkopTWEp2CCop3uOWSM7MdwK/oAWK0W"},"_chains":{"BczO0nMwOPNaVVlaeRH9YXOupxA/UVssQMApPj89Lk0K":{"chainKey":{"counter":0,"key":"3r/GIAlmL5aUWyd53f2H8OpsqE5I+JdsBM2ZXxPQwI8="},"chainType":2,"messageKeys":{}},"BUkdi20GViSTVu499Bgc2rvKDETyYExP5ZXrHwjHlbAb":{"chainKey":{"counter":-1,"key":"KYPEJXE6WqTZSdTwX1s6YLa0BWYIPNI7d37j8WPfvcE="},"chainType":1,"messageKeys":{}}}},"Bd9BuRcgTt4Y6774Q/IwKiJPUs/sJI3jscCJaBTckRVO":{"registrationId":1928125791,"currentRatchet":{"ephemeralKeyPair":{"pubKey":"BdYbjxVMDVAjJH4C/VGJ0R4TXYVH0LcBx9H54H1BQEg+","privKey":"EHY4Ha33nqG9my65TMbDFhJFS7rgaBmD0kn0M1ruCkM="},"lastRemoteEphemeralKey":"BaQ17S5M5oLHBoTKPX/767VKu3fkJyyy6cJCDd1zuiFC","previousCounter":0,"rootKey":"9lHgRCcNZbFbmtZUxoFBUmt/D3rsZPRskQxHKdlTN8U="},"indexInfo":{"baseKey":"Bd9BuRcgTt4Y6774Q/IwKiJPUs/sJI3jscCJaBTckRVO","baseKeyType":2,"closed":1769791353864,"used":1769791321233,"created":1769791321233,"remoteIdentityKey":"Bd1BtHzWijpo9qkopTWEp2CCop3uOWSM7MdwK/oAWK0W"},"_chains":{"BaQ17S5M5oLHBoTKPX/767VKu3fkJyyy6cJCDd1zuiFC":{"chainKey":{"counter":0,"key":"oMdNwAY6bbJMsEdJSGkz7SZ3Z39mrg6lsge3esH3Pqs="},"chainType":2,"messageKeys":{}},"BdYbjxVMDVAjJH4C/VGJ0R4TXYVH0LcBx9H54H1BQEg+":{"chainKey":{"counter":-1,"key":"qVcRt2WpbUkFHWUd2AkS6xJVBdt3IFCpJbOJjhGb3Ys="},"chainType":1,"messageKeys":{}}}},"BXSmOCH8CJBWNzXD68/cGf48Pw9bwzZ3jGHTBLgbbDBc":{"registrationId":1928125791,"currentRatchet":{"ephemeralKeyPair":{"pubKey":"BdBk3muyVtffFN0eiLi0oclvKI4JXgGHD+vQ0DlTlrxK","privKey":"OF7GxRO/UAq+YsAGZxrlniFC+dbzdaiGm7HPFIy25F0="},"lastRemoteEphemeralKey":"Bd0qDnWGRF4jNK3jzt2xM4nkg0O5V9BEyIjZgs5+Pds9","previousCounter":0,"rootKey":"UsTaNi9aXh5oGTZwrEn2nVwPveagfDTgu4zxvWjB4QM="},"indexInfo":{"baseKey":"BXSmOCH8CJBWNzXD68/cGf48Pw9bwzZ3jGHTBLgbbDBc","baseKeyType":2,"closed":1769791393074,"used":1769791353877,"created":1769791353877,"remoteIdentityKey":"Bd1BtHzWijpo9qkopTWEp2CCop3uOWSM7MdwK/oAWK0W"},"_chains":{"Bd0qDnWGRF4jNK3jzt2xM4nkg0O5V9BEyIjZgs5+Pds9":{"chainKey":{"counter":0,"key":"+ckxY74n7VvA+XcY9r+pzC4kjxkZFCNOgJuSAG6wwW0="},"chainType":2,"messageKeys":{}},"BdBk3muyVtffFN0eiLi0oclvKI4JXgGHD+vQ0DlTlrxK":{"chainKey":{"counter":-1,"key":"45jEpo5RaY9E5+nnJs7EkYaDhNAuqExknKeSVEYYlXM="},"chainType":1,"messageKeys":{}}}},"BW1Bo33AmnKvmrjo1udKt61BQwYcfovv8GGiBwmVSAtW":{"registrationId":1928125791,"currentRatchet":{"ephemeralKeyPair":{"pubKey":"BVYmjeradInhCB46iJSyXZXOq4jm0V9AfhJA492kntcy","privKey":"uLR0OblihAfs8dO/8hzN1OUElQQEGc1MgkZZvU+hSXg="},"lastRemoteEphemeralKey":"BSYyMJvXZVp+4Dwz7Q1iSe9TbPhuZgjvBeHcImMvT0sa","previousCounter":0,"rootKey":"PYzFomfB1AjvdRAkb5BvdFYoyo2m+IKiPF/vA44TqKQ="},"indexInfo":{"baseKey":"BW1Bo33AmnKvmrjo1udKt61BQwYcfovv8GGiBwmVSAtW","baseKeyType":2,"closed":1769791417623,"used":1769791393087,"created":1769791393087,"remoteIdentityKey":"Bd1BtHzWijpo9qkopTWEp2CCop3uOWSM7MdwK/oAWK0W"},"_chains":{"BSYyMJvXZVp+4Dwz7Q1iSe9TbPhuZgjvBeHcImMvT0sa":{"chainKey":{"counter":0,"key":"vg+f1bUTBk45pQOwI6RlNubt4w9Fm2H/gKK/mpPdbWs="},"chainType":2,"messageKeys":{}},"BVYmjeradInhCB46iJSyXZXOq4jm0V9AfhJA492kntcy":{"chainKey":{"counter":-1,"key":"6IlAgF3oFd7shu1QnibPFK5NZlyk918UcCqHUW5hnYM="},"chainType":1,"messageKeys":{}}}},"BT3TxMzfNh1qMTGgw5c9csOhb91EVfeEv5Uwi3ToReUp":{"registrationId":1928125791,"currentRatchet":{"ephemeralKeyPair":{"pubKey":"BY5lLFpV2W5TMvpTIx+O5YWe1dMt7roC3cG7ixnFn1hC","privKey":"cE+wfWcmZjkpzbsq8heRMRG4AJfgHrxnzW41h2x/m28="},"lastRemoteEphemeralKey":"BZ4QxKFs2oMngTFfD8+7vLRwe1XrMvd24WWl6hmmf3El","previousCounter":0,"rootKey":"/PO04lGyRM//aJGEEiwpjSPrdaXO6t9lXe6HfXNFoLk="},"indexInfo":{"baseKey":"BT3TxMzfNh1qMTGgw5c9csOhb91EVfeEv5Uwi3ToReUp","baseKeyType":2,"closed":1769791441333,"used":1769791417630,"created":1769791417630,"remoteIdentityKey":"Bd1BtHzWijpo9qkopTWEp2CCop3uOWSM7MdwK/oAWK0W"},"_chains":{"BZ4QxKFs2oMngTFfD8+7vLRwe1XrMvd24WWl6hmmf3El":{"chainKey":{"counter":0,"key":"cPPEkTU0wK/JxeUndRbtLosh0v63AfnLoaDAYJ5v47c="},"chainType":2,"messageKeys":{}},"BY5lLFpV2W5TMvpTIx+O5YWe1dMt7roC3cG7ixnFn1hC":{"chainKey":{"counter":-1,"key":"MLv1vLVNgEpumxqZQV9kkxygEDKKd/x+iKcMD2Gz/Zc="},"chainType":1,"messageKeys":{}}}},"BVhOle6S5dI0mKu81wMrz7BLLULnAUetvjwCxT1Ijl1L":{"registrationId":1928125791,"currentRatchet":{"ephemeralKeyPair":{"pubKey":"BW9BUEHO9+udj+FCkNaesQf10icI9/4L0mVbDCMaBKcy","privKey":"kEdHb0VpOGF9rGgoFM2fmz+CZXTk1Pk3vJd7DDb8zHA="},"lastRemoteEphemeralKey":"BScB+eUFZ9x3FN465Bp+w8CS/3WIexmKfw8UgzszITh2","previousCounter":0,"rootKey":"9hD7N6/OHoY+KhsG+cV7ODy20pTm4TUyxPeS60TAoH4="},"indexInfo":{"baseKey":"BVhOle6S5dI0mKu81wMrz7BLLULnAUetvjwCxT1Ijl1L","baseKeyType":2,"closed":1769791572806,"used":1769791441354,"created":1769791441354,"remoteIdentityKey":"Bd1BtHzWijpo9qkopTWEp2CCop3uOWSM7MdwK/oAWK0W"},"_chains":{"BScB+eUFZ9x3FN465Bp+w8CS/3WIexmKfw8UgzszITh2":{"chainKey":{"counter":0,"key":"+or6Sz/nI7J5MwI+BI+vgdBL6qpThKkzQSvwoeMbxQk="},"chainType":2,"messageKeys":{}},"BW9BUEHO9+udj+FCkNaesQf10icI9/4L0mVbDCMaBKcy":{"chainKey":{"counter":-1,"key":"VZw64cjmc2ZAuytZIX0jLFWk+BVD1R6vJIffU1u5cC8="},"chainType":1,"messageKeys":{}}}},"BSzcCsE/AmBhr8FGiSbUrLwZK1HtvIO4v2CM1kmJTjIR":{"registrationId":1928125791,"currentRatchet":{"ephemeralKeyPair":{"pubKey":"BeUkXhGe/5jg5L+TaXFmqxCR29IuPrg4aIYewz8IvF5W","privKey":"wF19fZ/bgg8mREafQn0RkZwAafx4Z+5Tv/ZGMHPPX2I="},"lastRemoteEphemeralKey":"BSjzlzJEh5rC2G6gFyK2vifN/Q9XOo2J2DDsGnNFggp9","previousCounter":0,"rootKey":"OXnwPPZURqclF6K7K9cEJJ0zkshl5i5YzLZctXAl6+g="},"indexInfo":{"baseKey":"BSzcCsE/AmBhr8FGiSbUrLwZK1HtvIO4v2CM1kmJTjIR","baseKeyType":2,"closed":1769792128990,"used":1769791572818,"created":1769791572818,"remoteIdentityKey":"Bd1BtHzWijpo9qkopTWEp2CCop3uOWSM7MdwK/oAWK0W"},"_chains":{"BSjzlzJEh5rC2G6gFyK2vifN/Q9XOo2J2DDsGnNFggp9":{"chainKey":{"counter":0,"key":"PzYcLSgMJktrZkirRXovvOjw2k5SGYI/CdcBcR2bFJg="},"chainType":2,"messageKeys":{}},"BeUkXhGe/5jg5L+TaXFmqxCR29IuPrg4aIYewz8IvF5W":{"chainKey":{"counter":-1,"key":"Ryr/kNRMFNyGo1hXiKfkptkxApFFP5rbk7YNNvvuRgY="},"chainType":1,"messageKeys":{}}}},"BbO9LdBQeIXfWLmRNLROqg+qqva7gTEKGDA93SENaNMQ":{"registrationId":1928125791,"currentRatchet":{"ephemeralKeyPair":{"pubKey":"BSuUq8MFoDGEXK0c0/RWJpKsvSBSehP2ockRm/4SEAp7","privKey":"+Aq+xHN6s2ZdNIxSzNsyJfArjv2xZLseHwkGI0LJs0w="},"lastRemoteEphemeralKey":"BYzviXqGffwJXEiMCmDJjcPjy8xmjc3pywLvbJtuFjBl","previousCounter":0,"rootKey":"wxsdIlFoS1A+pHKkusqBA9ya/78kkgMwrJrpL/dJrRE="},"indexInfo":{"baseKey":"BbO9LdBQeIXfWLmRNLROqg+qqva7gTEKGDA93SENaNMQ","baseKeyType":2,"closed":1769792132745,"used":1769792128997,"created":1769792128997,"remoteIdentityKey":"Bd1BtHzWijpo9qkopTWEp2CCop3uOWSM7MdwK/oAWK0W"},"_chains":{"BYzviXqGffwJXEiMCmDJjcPjy8xmjc3pywLvbJtuFjBl":{"chainKey":{"counter":0,"key":"kjGfCd81v9K7fGnUfZ1Hb+jssJHfRKfs0gZNjg00kks="},"chainType":2,"messageKeys":{}},"BSuUq8MFoDGEXK0c0/RWJpKsvSBSehP2ockRm/4SEAp7":{"chainKey":{"counter":-1,"key":"trS6eyRvSGikDiMFxFawWLuL4/H6VRN8hYp/yGWUe0E="},"chainType":1,"messageKeys":{}}}},"BfpMAWmQWVKDZl3r8aIGbN0+AxGrSfFpdS0YLcx7ZbYm":{"registrationId":1928125791,"currentRatchet":{"ephemeralKeyPair":{"pubKey":"BR4Ck/Bw288wx/fHsWiejw2nzlCbC3qd07doT6fQLLkb","privKey":"4J4Vy+sqtr0k4kgK52ELSK2QAgJ7UOZdqUdj+FQmcEk="},"lastRemoteEphemeralKey":"BRbZH1KwOr1yYpILk41nmaUok1g6+lfKxKqQuEX5cggV","previousCounter":0,"rootKey":"0w759O1NpM0gar+Srs52WAG1Ws/NltWfT77W6laJA3E="},"indexInfo":{"baseKey":"BfpMAWmQWVKDZl3r8aIGbN0+AxGrSfFpdS0YLcx7ZbYm","baseKeyType":2,"closed":1769792375811,"used":1769792132752,"created":1769792132752,"remoteIdentityKey":"Bd1BtHzWijpo9qkopTWEp2CCop3uOWSM7MdwK/oAWK0W"},"_chains":{"BRbZH1KwOr1yYpILk41nmaUok1g6+lfKxKqQuEX5cggV":{"chainKey":{"counter":0,"key":"Isdm+/KBs0l9n6G+DZ9ZrAWCixyZwmUBtPgsvm0u/x4="},"chainType":2,"messageKeys":{}},"BR4Ck/Bw288wx/fHsWiejw2nzlCbC3qd07doT6fQLLkb":{"chainKey":{"counter":-1,"key":"GRl2i6xFjSceBjeIpWYaRHYaTE5rcFZO7JhxUt60ha4="},"chainType":1,"messageKeys":{}}}},"BeTLwdJH3BxkqPAzwy3j3UxCQKRbEuyLQbZnlBttEstN":{"registrationId":1928125791,"currentRatchet":{"ephemeralKeyPair":{"pubKey":"BYkhlR5Mo+PFtCD4HbM9vGTZEI293tDo7WSbzYHYb148","privKey":"MOCc937gTYbJNtyvR06qJGC04CkW9uEDzPcL8XLVmUU="},"lastRemoteEphemeralKey":"Bc51cZuWS1i8/IPkRbO5ORvsDlT/jbiDZfTi5HGTd00e","previousCounter":0,"rootKey":"jlEJIU+SdRb9zrNJB4KxCPnpa4pkywVj6Tcn2FFuM3E="},"indexInfo":{"baseKey":"BeTLwdJH3BxkqPAzwy3j3UxCQKRbEuyLQbZnlBttEstN","baseKeyType":2,"closed":1769792493802,"used":1769792375824,"created":1769792375824,"remoteIdentityKey":"Bd1BtHzWijpo9qkopTWEp2CCop3uOWSM7MdwK/oAWK0W"},"_chains":{"Bc51cZuWS1i8/IPkRbO5ORvsDlT/jbiDZfTi5HGTd00e":{"chainKey":{"counter":0,"key":"vMpJAANNqKWQ9JniQn1bWJtPS/zxXoIxnztDOLMHWlA="},"chainType":2,"messageKeys":{}},"BYkhlR5Mo+PFtCD4HbM9vGTZEI293tDo7WSbzYHYb148":{"chainKey":{"counter":-1,"key":"ihDdLLS5lzjFQGM4FCB+OZdm6NVM3SoIahBAm4rTt9g="},"chainType":1,"messageKeys":{}}}},"BULJ7/hdESipgJTfh5f54ae4uQW7kw2ULuPjux+ZfikX":{"registrationId":1928125791,"currentRatchet":{"ephemeralKeyPair":{"pubKey":"BXftKjhmetczbGW82IVmJ/55xwDx83m8WTnQWN9SnTU3","privKey":"UOA/qiJLWiiWig02SIbwOQ/qDtcm6LSUEdxsw+lywUI="},"lastRemoteEphemeralKey":"BQyPvCbYrFG8BwvIvrAv52HWdTEIM23Uq8S5+xGOs3dc","previousCounter":0,"rootKey":"/41qgEgwHOmA5OuOVMI4qmW77uHPjP5hsvX7gB9UY6Q="},"indexInfo":{"baseKey":"BULJ7/hdESipgJTfh5f54ae4uQW7kw2ULuPjux+ZfikX","baseKeyType":2,"closed":1769792532010,"used":1769792493821,"created":1769792493821,"remoteIdentityKey":"Bd1BtHzWijpo9qkopTWEp2CCop3uOWSM7MdwK/oAWK0W"},"_chains":{"BQyPvCbYrFG8BwvIvrAv52HWdTEIM23Uq8S5+xGOs3dc":{"chainKey":{"counter":0,"key":"Mq+RefkTnmwcHG6aYcnLXAKs6FMZS7FhnatM5OwwxYc="},"chainType":2,"messageKeys":{}},"BXftKjhmetczbGW82IVmJ/55xwDx83m8WTnQWN9SnTU3":{"chainKey":{"counter":-1,"key":"lZMJ61j3o8bM127yA2mA0zp2MXzKOKOk37OCfyJQDS0="},"chainType":1,"messageKeys":{}}}},"Bf8g+3wk208cA/cKR8N8MGEdxBkr0wf4RpKAHPOlXZpY":{"registrationId":1928125791,"currentRatchet":{"ephemeralKeyPair":{"pubKey":"BUqDJKgIwuyMH9s1a6VIQOeVUBuyBAjUvDg5QJzlZoo4","privKey":"yEA8ueZxJYSrQcRVH2zMfkggCpyzf3gpBGpls6JSgXQ="},"lastRemoteEphemeralKey":"BSJsC+sHwjYWBjv7uxRPt3KvCkbLouuv3XcAJimGP9BW","previousCounter":0,"rootKey":"DYt0+4GaV1wG9JKxv0tQFahPuplznN5EVDNySb/oSGs="},"indexInfo":{"baseKey":"Bf8g+3wk208cA/cKR8N8MGEdxBkr0wf4RpKAHPOlXZpY","baseKeyType":2,"closed":1769792651515,"used":1769792532017,"created":1769792532017,"remoteIdentityKey":"Bd1BtHzWijpo9qkopTWEp2CCop3uOWSM7MdwK/oAWK0W"},"_chains":{"BSJsC+sHwjYWBjv7uxRPt3KvCkbLouuv3XcAJimGP9BW":{"chainKey":{"counter":0,"key":"iv71pyQFZ26Vf4BMnwcIiHXOxyikCBCKsc++MdZpC6Y="},"chainType":2,"messageKeys":{}},"BUqDJKgIwuyMH9s1a6VIQOeVUBuyBAjUvDg5QJzlZoo4":{"chainKey":{"counter":-1,"key":"YoFE6dtUnwd+ft/u0VnKYP3AqMtx0+cRANUVZxUqHxI="},"chainType":1,"messageKeys":{}}}},"BVPPvY/pLma3cnhagzu71Mv36laUBx0LDo+O2XGuCrpm":{"registrationId":1928125791,"currentRatchet":{"ephemeralKeyPair":{"pubKey":"BaDH9mCnCk+f+LR6JQFfjqrWp0kSmBeS5lcfh1zOPkNs","privKey":"UGXjDr9k1I/jGO7S0tuB7joKqYRNoetWFbnjue5WBmE="},"lastRemoteEphemeralKey":"Ba3MqkzuyP01SHaAVal1v6jY/6eDwGclinxRGxHM0DBT","previousCounter":0,"rootKey":"3tELfXqNBedGz0UentDyfO76n0XbyzavWN5wNbfz8gM="},"indexInfo":{"baseKey":"BVPPvY/pLma3cnhagzu71Mv36laUBx0LDo+O2XGuCrpm","baseKeyType":2,"closed":1769792733937,"used":1769792651532,"created":1769792651532,"remoteIdentityKey":"Bd1BtHzWijpo9qkopTWEp2CCop3uOWSM7MdwK/oAWK0W"},"_chains":{"Ba3MqkzuyP01SHaAVal1v6jY/6eDwGclinxRGxHM0DBT":{"chainKey":{"counter":0,"key":"MPyUp/rDmGWLQYbwYLh4iNUob950pR4cFopz6V0WFc4="},"chainType":2,"messageKeys":{}},"BaDH9mCnCk+f+LR6JQFfjqrWp0kSmBeS5lcfh1zOPkNs":{"chainKey":{"counter":-1,"key":"zK6pGpZY/hPg/xmQ6k/N9pG8Ef7pMAiJtKRFAdWcCvw="},"chainType":1,"messageKeys":{}}}},"BRJ+c6r6ip7toS+mV2HiGHgpIfuF5rN0h0y2Eq3o6QUg":{"registrationId":1928125791,"currentRatchet":{"ephemeralKeyPair":{"pubKey":"BQICzrE9CBKwEo6sUzk7/7lV9wRlnMvEKjtRI4WZ6X0Q","privKey":"+N5TUVk8aNAIt5k+nRlPSwl5697fk0hpZ86Pg/CyyVA="},"lastRemoteEphemeralKey":"BdQimn3EwaF6vt55WwQAUBgAQEXNnmnOMo6y7UcbA9EL","previousCounter":0,"rootKey":"vxY9cuF5HTiZL20lg8NUF+JzeU37BD8+/Q3GGQarxVY="},"indexInfo":{"baseKey":"BRJ+c6r6ip7toS+mV2HiGHgpIfuF5rN0h0y2Eq3o6QUg","baseKeyType":2,"closed":1769792784520,"used":1769792733951,"created":1769792733951,"remoteIdentityKey":"Bd1BtHzWijpo9qkopTWEp2CCop3uOWSM7MdwK/oAWK0W"},"_chains":{"BdQimn3EwaF6vt55WwQAUBgAQEXNnmnOMo6y7UcbA9EL":{"chainKey":{"counter":0,"key":"1W+fA2hqz+ibenpi0vbK4JFgIOI4EezffkPiyWlkOWk="},"chainType":2,"messageKeys":{}},"BQICzrE9CBKwEo6sUzk7/7lV9wRlnMvEKjtRI4WZ6X0Q":{"chainKey":{"counter":-1,"key":"sVHenRe0Hs8XAWBvy0A9wcxgGQOS8zFIPkhdS3me3OI="},"chainType":1,"messageKeys":{}}}},"BWeW8WvpEYb3Ei/lNuDgUbvN09s/gH62MgaM4ZTTlLsr":{"registrationId":1928125791,"currentRatchet":{"ephemeralKeyPair":{"pubKey":"BXiSgq9qTST+gF/FUkbRiKxalOOHbQe2WPJvOBAul0Qx","privKey":"MOdjQWO2H2AV3R/dTMDgpI4Pd/v57wWfKZOKFbwMQ04="},"lastRemoteEphemeralKey":"BW5pSb7kLf7snDVM5EouWRGCo8NkGhaZ0qZpscMhcVBr","previousCounter":0,"rootKey":"qgXi6lDlVAW9oLq3BbWUv81zYaVOtYUjXSGq9GYkmUo="},"indexInfo":{"baseKey":"BWeW8WvpEYb3Ei/lNuDgUbvN09s/gH62MgaM4ZTTlLsr","baseKeyType":2,"closed":1769792843129,"used":1769792784532,"created":1769792784532,"remoteIdentityKey":"Bd1BtHzWijpo9qkopTWEp2CCop3uOWSM7MdwK/oAWK0W"},"_chains":{"BW5pSb7kLf7snDVM5EouWRGCo8NkGhaZ0qZpscMhcVBr":{"chainKey":{"counter":0,"key":"5iDK6ToV0zadHurp5VYGgULrGNpGsb/DdT3dvVyZoA8="},"chainType":2,"messageKeys":{}},"BXiSgq9qTST+gF/FUkbRiKxalOOHbQe2WPJvOBAul0Qx":{"chainKey":{"counter":-1,"key":"WqWkVb6GgcVyKE19e8+AvQuzs6wMnI/Yc9mQMltvP0M="},"chainType":1,"messageKeys":{}}}},"BYp+oKHGQ2wvM5Oo/4HLCNnLe0brZTnCQRE890nVIIdw":{"registrationId":1928125791,"currentRatchet":{"ephemeralKeyPair":{"pubKey":"Bd7PbgVr4KWUP4/LhZrYTkuwgExsYAoHvMOlRZcYw2dZ","privKey":"aLWe4twTyDczJCXSSPo2JP6JCu5bo5Gm8dRAUdEb0lc="},"lastRemoteEphemeralKey":"BSVXd3W6l9XTUEe7lLFDq4svOm4+lc79Rnhzw+pvys0b","previousCounter":0,"rootKey":"2MJgzvQvcBQnbA6T7pP9FLmQ/K6lrasm0CCMdiZ5sbw="},"indexInfo":{"baseKey":"BYp+oKHGQ2wvM5Oo/4HLCNnLe0brZTnCQRE890nVIIdw","baseKeyType":2,"closed":1769793122021,"used":1769792843141,"created":1769792843141,"remoteIdentityKey":"Bd1BtHzWijpo9qkopTWEp2CCop3uOWSM7MdwK/oAWK0W"},"_chains":{"BSVXd3W6l9XTUEe7lLFDq4svOm4+lc79Rnhzw+pvys0b":{"chainKey":{"counter":0,"key":"+pJuK8130qBt5vD+Y3Qyw1qwxWULcwsZbPGUSNy/+J8="},"chainType":2,"messageKeys":{}},"Bd7PbgVr4KWUP4/LhZrYTkuwgExsYAoHvMOlRZcYw2dZ":{"chainKey":{"counter":-1,"key":"EZPH9JoruCsYenrJGk/WwfUndXpDPCOWFriSG9DFgmg="},"chainType":1,"messageKeys":{}}}},"BcTp8Hq4iAKEIw5oo2qSavnFIT2/Vchssaky3/eRoSpz":{"registrationId":1928125791,"currentRatchet":{"ephemeralKeyPair":{"pubKey":"BXfTJL5LsGaJOjLGTLnA5X0osfRQYfkcSRsIE/7mG68R","privKey":"AIUXOPHE99rkl5Xg9v1HkeZ3XezQrRh9on62jYSI1lk="},"lastRemoteEphemeralKey":"BT/8XRzpqALZ81oY7akzC24hLSSclj5rads29iKRMchE","previousCounter":0,"rootKey":"XS36HKdwGeIeq7AjpZwH8g5C24V//hLJ91hd4xBUlfE="},"indexInfo":{"baseKey":"BcTp8Hq4iAKEIw5oo2qSavnFIT2/Vchssaky3/eRoSpz","baseKeyType":2,"closed":1769793130367,"used":1769793122033,"created":1769793122033,"remoteIdentityKey":"Bd1BtHzWijpo9qkopTWEp2CCop3uOWSM7MdwK/oAWK0W"},"_chains":{"BT/8XRzpqALZ81oY7akzC24hLSSclj5rads29iKRMchE":{"chainKey":{"counter":0,"key":"vzwgq09t4HOvfyEfCPeXsYphMphJgxWvwU7lHSBmKLc="},"chainType":2,"messageKeys":{}},"BXfTJL5LsGaJOjLGTLnA5X0osfRQYfkcSRsIE/7mG68R":{"chainKey":{"counter":-1,"key":"RkDjcU7e6yBR+5bnpkIohgpMsOSSGT9EDwXHIB25g9M="},"chainType":1,"messageKeys":{}}}},"BTPuR12VxUU0JYD8p9eTSqvMeU3a5T2y7cmCtr109qwn":{"registrationId":1928125791,"currentRatchet":{"ephemeralKeyPair":{"pubKey":"BWbi3LJpPLKGsH2uotnuwLgeoKHJ4dKsuVXchYHQefZ+","privKey":"OMlHK5iRRHtQAB2qgehJcvbduDXTD2ige90gOee0O0g="},"lastRemoteEphemeralKey":"BcDNnwSCUF557mlY/dr7goZorHgaw3mbxiA5J2KeavlR","previousCounter":0,"rootKey":"4eDcSw3Q2qsKhyzWsF4O5gFpCsElgvVbRxB/d4GqyLs="},"indexInfo":{"baseKey":"BTPuR12VxUU0JYD8p9eTSqvMeU3a5T2y7cmCtr109qwn","baseKeyType":2,"closed":1769793190651,"used":1769793130378,"created":1769793130378,"remoteIdentityKey":"Bd1BtHzWijpo9qkopTWEp2CCop3uOWSM7MdwK/oAWK0W"},"_chains":{"BcDNnwSCUF557mlY/dr7goZorHgaw3mbxiA5J2KeavlR":{"chainKey":{"counter":1,"key":"Wbt2hRwnp71gx5fWXkNCyOUIgHRMDX7ZWvxDIyNIoTs="},"chainType":2,"messageKeys":{}},"BWbi3LJpPLKGsH2uotnuwLgeoKHJ4dKsuVXchYHQefZ+":{"chainKey":{"counter":-1,"key":"lRRbxI4Qj0LgeLNzsHH6jUqxPddK2DgV8c/bO+bcd8c="},"chainType":1,"messageKeys":{}}}},"BTjoKPa+GCTTDLUmerYJD2P7fZaO3DUZWNt0Z1fqM9M6":{"registrationId":1928125791,"currentRatchet":{"ephemeralKeyPair":{"pubKey":"Bc4bQ3NSPsTbPChONMSFjxljfbZ10DHrenF2KGDIZUVB","privKey":"mC1R0D0X0YxsRbmlh9otoyZpa+le40AliAkSsGSaa0k="},"lastRemoteEphemeralKey":"BTtuQlh6JxG0r/030/KO+JUMNB3TmJsvyZY94RRz2WA/","previousCounter":0,"rootKey":"EE0TA+UW5dMXi3whfuFwcdm92/svrK6iWRaK2HN0Bs8="},"indexInfo":{"baseKey":"BTjoKPa+GCTTDLUmerYJD2P7fZaO3DUZWNt0Z1fqM9M6","baseKeyType":2,"closed":1769793280929,"used":1769793190662,"created":1769793190662,"remoteIdentityKey":"Bd1BtHzWijpo9qkopTWEp2CCop3uOWSM7MdwK/oAWK0W"},"_chains":{"BTtuQlh6JxG0r/030/KO+JUMNB3TmJsvyZY94RRz2WA/":{"chainKey":{"counter":0,"key":"rEws9lhYHAVjk4nTgjHKV5hzDaXgn1vkJzNil9dtnYE="},"chainType":2,"messageKeys":{}},"Bc4bQ3NSPsTbPChONMSFjxljfbZ10DHrenF2KGDIZUVB":{"chainKey":{"counter":-1,"key":"jpYNFPYrsElC4I7E3qJOVBSE3Eb1YnsM3kY1SYvXC+Y="},"chainType":1,"messageKeys":{}}}},"BTz0Wm7p7YuDJ5zjWgj+z9uiSwcGXo31cWryqBFxODM0":{"registrationId":1928125791,"currentRatchet":{"ephemeralKeyPair":{"pubKey":"BW2I4+jLTh7x+Npsg5MEfhafNbnYQG2ACTvkt0+S1LxZ","privKey":"6M0Df8vFI3PXJFPLxwQLAaJXpdme5c66tsv4pCQXNm8="},"lastRemoteEphemeralKey":"BRtbABCL6bK56R88GnFiI4p8q5j+ffvxvWRNbCGAOghI","previousCounter":0,"rootKey":"p5Re0vWeiJ4g20HB4Rx5zq5UtmlpV44P1vfo/TnrM/4="},"indexInfo":{"baseKey":"BTz0Wm7p7YuDJ5zjWgj+z9uiSwcGXo31cWryqBFxODM0","baseKeyType":2,"closed":1769793354187,"used":1769793280994,"created":1769793280994,"remoteIdentityKey":"Bd1BtHzWijpo9qkopTWEp2CCop3uOWSM7MdwK/oAWK0W"},"_chains":{"BRtbABCL6bK56R88GnFiI4p8q5j+ffvxvWRNbCGAOghI":{"chainKey":{"counter":0,"key":"Gjm+z/EJM52L0PALLEIQdIwJPkptSsvWHmWoKN1mi5g="},"chainType":2,"messageKeys":{}},"BW2I4+jLTh7x+Npsg5MEfhafNbnYQG2ACTvkt0+S1LxZ":{"chainKey":{"counter":-1,"key":"nmzEUrb47Vh6vPknE8yDkHZN1IK3D29KME+x2u2isJc="},"chainType":1,"messageKeys":{}}}},"BRebJTF5cMzdAB46T5sNXdlPQ5gAez87QKhj/wS278Y7":{"registrationId":1928125791,"currentRatchet":{"ephemeralKeyPair":{"pubKey":"BRZIdd+MkY8ODjtm46zhWfsEYo8eE6iGmN4pGBf78bwg","privKey":"6HFF/XIellpTJxe27OsiSXrfIQoZqjYMkTQkg6D8fXE="},"lastRemoteEphemeralKey":"Bfo6eZzyiB7+0odKCWXzHkdPEnZfQZdxJE18GiuAcDFW","previousCounter":0,"rootKey":"7rk87z/JShKZVHzU/OlTvVFTgjRzfrQPhp3KAErdEy8="},"indexInfo":{"baseKey":"BRebJTF5cMzdAB46T5sNXdlPQ5gAez87QKhj/wS278Y7","baseKeyType":2,"closed":1769793477846,"used":1769793354199,"created":1769793354199,"remoteIdentityKey":"Bd1BtHzWijpo9qkopTWEp2CCop3uOWSM7MdwK/oAWK0W"},"_chains":{"Bfo6eZzyiB7+0odKCWXzHkdPEnZfQZdxJE18GiuAcDFW":{"chainKey":{"counter":0,"key":"hWOMGbIVsLipQaqE3IhfuPbaytuQJY6Wh9el8U33vPY="},"chainType":2,"messageKeys":{}},"BRZIdd+MkY8ODjtm46zhWfsEYo8eE6iGmN4pGBf78bwg":{"chainKey":{"counter":-1,"key":"eLQhvpoREIFPdRlsLY0xiK4CS7Q0wz5BiXE2zyjvKAE="},"chainType":1,"messageKeys":{}}}},"BWAW0YpfMIUgQblG7IsD2heUzTG/KB5mqi3DFDDFhp48":{"registrationId":1928125791,"currentRatchet":{"ephemeralKeyPair":{"pubKey":"BW3s/ejaB0dcb8Si7tDhRv4h1AXTJd9H7UypId0OVxhz","privKey":"kFvWxszcuTMxZDXjxjQjiwdMmwOKPyEIvRZntRGhtng="},"lastRemoteEphemeralKey":"BWwouNMObffZWhv1aIVtoIqXny1kTvw02zND0DliK2Fb","previousCounter":0,"rootKey":"fAGsDgoau1N0Po0Xek+dVKhSMnbcxxOteO/39GSQhS4="},"indexInfo":{"baseKey":"BWAW0YpfMIUgQblG7IsD2heUzTG/KB5mqi3DFDDFhp48","baseKeyType":2,"closed":1769793489147,"used":1769793477858,"created":1769793477858,"remoteIdentityKey":"Bd1BtHzWijpo9qkopTWEp2CCop3uOWSM7MdwK/oAWK0W"},"_chains":{"BWwouNMObffZWhv1aIVtoIqXny1kTvw02zND0DliK2Fb":{"chainKey":{"counter":0,"key":"oo/AJLeyo5qqMAl426S3Of1n0zcqT+MjIwg/PuA+hJI="},"chainType":2,"messageKeys":{}},"BW3s/ejaB0dcb8Si7tDhRv4h1AXTJd9H7UypId0OVxhz":{"chainKey":{"counter":-1,"key":"oEPWX1NqeDHGN9kv/tulvSLSbdS+3NobzkLtkS9op18="},"chainType":1,"messageKeys":{}}}},"BUT1Y+YxP1Ibhlc86nf57ln7NPKv21hikeiwztPMVGl5":{"registrationId":1928125791,"currentRatchet":{"ephemeralKeyPair":{"pubKey":"BbduEwheQhKLdV4YjZxRKiY0xEzZKJQEWfU16v0utqgF","privKey":"ePtBT6LaAWlnkHwVFpvM2UW/lMUWlDiQQjFbarsCmkc="},"lastRemoteEphemeralKey":"Bd/AgxT0YDR9LC+HMSYJQGB5RXRzzQgTaATm7EEYlOQo","previousCounter":0,"rootKey":"/htbcj6wK0A2TTEErXBM0sF57/1xv+zbSa+nqhtJ2+E="},"indexInfo":{"baseKey":"BUT1Y+YxP1Ibhlc86nf57ln7NPKv21hikeiwztPMVGl5","baseKeyType":2,"closed":1769793604531,"used":1769793489154,"created":1769793489154,"remoteIdentityKey":"Bd1BtHzWijpo9qkopTWEp2CCop3uOWSM7MdwK/oAWK0W"},"_chains":{"Bd/AgxT0YDR9LC+HMSYJQGB5RXRzzQgTaATm7EEYlOQo":{"chainKey":{"counter":0,"key":"24cBlY3dyF9sbuw0HIbyBIn/3g7d+kfvD1OUvMG5uBU="},"chainType":2,"messageKeys":{}},"BbduEwheQhKLdV4YjZxRKiY0xEzZKJQEWfU16v0utqgF":{"chainKey":{"counter":-1,"key":"iePZc84gLvTiXPxs/BNR9n1sCslJ8prsO5bM7Ha6E6I="},"chainType":1,"messageKeys":{}}}},"BdTvH8pyQexqKkPpcq1d3TpciQo856ZXA/un6JLf/ThP":{"registrationId":1928125791,"currentRatchet":{"ephemeralKeyPair":{"pubKey":"BZRwcWZlLJ2OjcaI7EAiSg4DVPP1c/5R5O+RDHsdhown","privKey":"yOvM2MQMCyxm8USTfv6YN7/ipVgBYF3yuaH10noZBHs="},"lastRemoteEphemeralKey":"Bf1IkP8lPGSelGkolBDU79YFEKtQsYlmxuYkmwcpHlJg","previousCounter":0,"rootKey":"ZrUyNf90bVWO3ad9ff++i3UH5wQv/fRf8l9YL7zo7Y4="},"indexInfo":{"baseKey":"BdTvH8pyQexqKkPpcq1d3TpciQo856ZXA/un6JLf/ThP","baseKeyType":2,"closed":1769793700116,"used":1769793604544,"created":1769793604544,"remoteIdentityKey":"Bd1BtHzWijpo9qkopTWEp2CCop3uOWSM7MdwK/oAWK0W"},"_chains":{"Bf1IkP8lPGSelGkolBDU79YFEKtQsYlmxuYkmwcpHlJg":{"chainKey":{"counter":1,"key":"ikJDV/NsgmlBzCfbjJEL/LN5trLGR8NHi+yHuMbKfIk="},"chainType":2,"messageKeys":{}},"BZRwcWZlLJ2OjcaI7EAiSg4DVPP1c/5R5O+RDHsdhown":{"chainKey":{"counter":-1,"key":"SfY5zzm19e3riGnbsxcZsZ/ifz6yft7t38+3aq7PpAg="},"chainType":1,"messageKeys":{}}}},"BdshPhlBBDmkrKSreZ9wX0Nllca0gaEbKiPzMiLT9Dcc":{"registrationId":1928125791,"currentRatchet":{"ephemeralKeyPair":{"pubKey":"BaNJFX1ipp9ejXvPn3fFNYoBOG1C53/yS2f/NeA9TVBd","privKey":"mMs288djolPlf93zmnQZb8RvpDNUG3Qb1p3Y1VZK8WM="},"lastRemoteEphemeralKey":"BYa/HYwiXc6JQH3e31xL5PtNAxUAc/73vBf1tz+4YJ4i","previousCounter":0,"rootKey":"Qxjmgpsph8ug7Ot7Ps4PVRz/376LOj66sTqdfhJnBpw="},"indexInfo":{"baseKey":"BdshPhlBBDmkrKSreZ9wX0Nllca0gaEbKiPzMiLT9Dcc","baseKeyType":2,"closed":1769793712488,"used":1769793700123,"created":1769793700123,"remoteIdentityKey":"Bd1BtHzWijpo9qkopTWEp2CCop3uOWSM7MdwK/oAWK0W"},"_chains":{"BYa/HYwiXc6JQH3e31xL5PtNAxUAc/73vBf1tz+4YJ4i":{"chainKey":{"counter":0,"key":"tJOhf2F0D9hiLaGJlJjCSMRYEYzXElatnsKJyRLuljw="},"chainType":2,"messageKeys":{}},"BaNJFX1ipp9ejXvPn3fFNYoBOG1C53/yS2f/NeA9TVBd":{"chainKey":{"counter":-1,"key":"g/vbAH8RVGI9ogbPkMM/x+Rq+/LTiNV10NaGKbbhlpQ="},"chainType":1,"messageKeys":{}}}},"BfJPR8TLM8ozcxo74Lkk/SHDdNcG8XhDUbdxPlmbHAgo":{"registrationId":1928125791,"currentRatchet":{"ephemeralKeyPair":{"pubKey":"BfF8gU/GVr8iqoQDUgtKCKrB3ynq5JFzJgaaEB9P/XUd","privKey":"sBjwmBkg62LrKUKCCmCGOefkAbLm5P/cFk6KFMt9SEE="},"lastRemoteEphemeralKey":"BYE3Iu4OyBkobQCrpR19AS+xvzv+SuFPSNEIM26cqHxz","previousCounter":0,"rootKey":"Z5TQ8A1fz9Dk76+quLcHlwuGGFYJze6+jno0F2qdOEs="},"indexInfo":{"baseKey":"BfJPR8TLM8ozcxo74Lkk/SHDdNcG8XhDUbdxPlmbHAgo","baseKeyType":2,"closed":1769793722665,"used":1769793712506,"created":1769793712506,"remoteIdentityKey":"Bd1BtHzWijpo9qkopTWEp2CCop3uOWSM7MdwK/oAWK0W"},"_chains":{"BYE3Iu4OyBkobQCrpR19AS+xvzv+SuFPSNEIM26cqHxz":{"chainKey":{"counter":0,"key":"cSw/wfuY/PszOWao+LC9g3fgTrFkbv9uzhxQ/x4/DRQ="},"chainType":2,"messageKeys":{}},"BfF8gU/GVr8iqoQDUgtKCKrB3ynq5JFzJgaaEB9P/XUd":{"chainKey":{"counter":-1,"key":"/s8m/gtbdxcwHG1zAVBQDpnja98rjZVDOPxzj47bOg4="},"chainType":1,"messageKeys":{}}}},"Bf1PtOaRHlzFcfhXnG6C9OUA7PAIJjYFCkGgtOaDT+Mo":{"registrationId":1928125791,"currentRatchet":{"ephemeralKeyPair":{"pubKey":"BR9EP0ViaYkQr2I1q38VnnjR9oC1maE7kCYWJVWUNi9p","privKey":"YJDIwO3WC3K9smOqof/P7cp/D6uCZjopw13Di35+h3M="},"lastRemoteEphemeralKey":"Bd+TidCTGkN1dzwc2Nihh4izUBegJZ8mOc1bf1XQOHwc","previousCounter":0,"rootKey":"LWL2HmlL/73lUmS1M/43UM6Sl5fhnYVX+zCEJBuE22Q="},"indexInfo":{"baseKey":"Bf1PtOaRHlzFcfhXnG6C9OUA7PAIJjYFCkGgtOaDT+Mo","baseKeyType":2,"closed":1769793728265,"used":1769793722675,"created":1769793722675,"remoteIdentityKey":"Bd1BtHzWijpo9qkopTWEp2CCop3uOWSM7MdwK/oAWK0W"},"_chains":{"Bd+TidCTGkN1dzwc2Nihh4izUBegJZ8mOc1bf1XQOHwc":{"chainKey":{"counter":0,"key":"mh7rok+FNrhdvAIcH+SV0cYpvqAgSl5bcs+tK8b13io="},"chainType":2,"messageKeys":{}},"BR9EP0ViaYkQr2I1q38VnnjR9oC1maE7kCYWJVWUNi9p":{"chainKey":{"counter":-1,"key":"Un2mGRi6RA/dxmkX0K4xzXModogl/rCn3coo/bB0sUc="},"chainType":1,"messageKeys":{}}}},"BRrs5cVR8HLTdWz039CYvameYtNxCszAD5RJKcW/vycB":{"registrationId":1928125791,"currentRatchet":{"ephemeralKeyPair":{"pubKey":"BdbD90X3QSupZvAzvoBC8pC7oRonc8v7laes4uZBiiwT","privKey":"aO/vXI6VqgkXNqXDe6/toop0/ysdMH4COANIlWeQVWY="},"lastRemoteEphemeralKey":"BXn6TOcJEX84zcPCcovv7ZZ/upifTy+rJCd1Qmv2HzAu","previousCounter":0,"rootKey":"Z/BFK4kQ4FvD9Jz09lis6dpYlNalW2P0QGHu/RfUZQU="},"indexInfo":{"baseKey":"BRrs5cVR8HLTdWz039CYvameYtNxCszAD5RJKcW/vycB","baseKeyType":2,"closed":1769793730325,"used":1769793728272,"created":1769793728272,"remoteIdentityKey":"Bd1BtHzWijpo9qkopTWEp2CCop3uOWSM7MdwK/oAWK0W"},"_chains":{"BXn6TOcJEX84zcPCcovv7ZZ/upifTy+rJCd1Qmv2HzAu":{"chainKey":{"counter":0,"key":"vxsB7JLlCXvSPH4hDSEE1McLI0HOP0SWVPv7qUUDfu8="},"chainType":2,"messageKeys":{}},"BdbD90X3QSupZvAzvoBC8pC7oRonc8v7laes4uZBiiwT":{"chainKey":{"counter":-1,"key":"ofVFVRcrStyDBE5iAjekO/c1KSFOTNHZHIv4fgnnYg0="},"chainType":1,"messageKeys":{}}}},"BfYHdOG2t9C/cWI1swdXt2h+NJFh5qh8LO8/78VPZiBf":{"registrationId":1928125791,"currentRatchet":{"ephemeralKeyPair":{"pubKey":"BTEJstnZSXdpN4sAESq/JibOpEXMKH4i+OzL24wJMzVm","privKey":"CIw1LnW4lLOfV+5UugW52quu5dwVCf8pXarQZFUgO2A="},"lastRemoteEphemeralKey":"Ba9+aleEAAHsWzPLxGuJIh044/PAkfC5EPdZ2w1hZYRS","previousCounter":0,"rootKey":"J1vITnTAIfV17RgiGX/Cwis47v0STqyWAKcEH0+slYY="},"indexInfo":{"baseKey":"BfYHdOG2t9C/cWI1swdXt2h+NJFh5qh8LO8/78VPZiBf","baseKeyType":2,"closed":1769793899775,"used":1769793730331,"created":1769793730331,"remoteIdentityKey":"Bd1BtHzWijpo9qkopTWEp2CCop3uOWSM7MdwK/oAWK0W"},"_chains":{"Ba9+aleEAAHsWzPLxGuJIh044/PAkfC5EPdZ2w1hZYRS":{"chainKey":{"counter":0,"key":"0dsnpN542CXsSnvYV49AeSkpyldb4++WbXRuzsICWmc="},"chainType":2,"messageKeys":{}},"BTEJstnZSXdpN4sAESq/JibOpEXMKH4i+OzL24wJMzVm":{"chainKey":{"counter":-1,"key":"kXuvaBe7fHTtUGIs2v1ZrKPCwmgCwW06c4NS10VOkFI="},"chainType":1,"messageKeys":{}}}},"BQlMssCUrkxrHAfMB/QzsealeDCtN8lrq5mcOV63N4UV":{"registrationId":1928125791,"currentRatchet":{"ephemeralKeyPair":{"pubKey":"BbcI4lk0lky6E467VswlTZ3pKjTS2rww0AkHpvOG33Qs","privKey":"8GOcqx+qTEr6MJwBva2tBi+Sal13jZ1nbDXQMo0KZEw="},"lastRemoteEphemeralKey":"BVJjyFmyZCzsp3zsyjC9CGUfQo+DL1MkagAFvlxmliY/","previousCounter":0,"rootKey":"kV+vMs5bEGXdNTfq60cVgDdjSAWBly2KvMy7AY+xoQ8="},"indexInfo":{"baseKey":"BQlMssCUrkxrHAfMB/QzsealeDCtN8lrq5mcOV63N4UV","baseKeyType":2,"closed":1769794059752,"used":1769793899789,"created":1769793899789,"remoteIdentityKey":"Bd1BtHzWijpo9qkopTWEp2CCop3uOWSM7MdwK/oAWK0W"},"_chains":{"BVJjyFmyZCzsp3zsyjC9CGUfQo+DL1MkagAFvlxmliY/":{"chainKey":{"counter":0,"key":"DKZBlM2vcROUVhpsBzQ3tCkldCJWRb0ULq2daQiQ+Eo="},"chainType":2,"messageKeys":{}},"BbcI4lk0lky6E467VswlTZ3pKjTS2rww0AkHpvOG33Qs":{"chainKey":{"counter":-1,"key":"vYTVyDBoHaUeXQBHeoTDssphwD7ilFFaBEQKoBFbcAA="},"chainType":1,"messageKeys":{}}}},"BfRlLYZAG22T7cNvEO0XOhOxNH7UAfaockuD2ao+sk0g":{"registrationId":1928125791,"currentRatchet":{"ephemeralKeyPair":{"pubKey":"BW4pyfMHhl9HPi5uBYrSmjpJD3nVD1gRGhwcOicqo+Vx","privKey":"MIm2J6TSULnGrtFQ9SGyKysW+NjzzbbV4ng9IxfO9mE="},"lastRemoteEphemeralKey":"Baoe9ABC3IfrNbNAF4p98a7MYvMwkCt+v/BvLKnZImYf","previousCounter":0,"rootKey":"QNFjqf1gYj2ZZRy3ksu2BDcX9yznSw2YViuP3ciX63I="},"indexInfo":{"baseKey":"BfRlLYZAG22T7cNvEO0XOhOxNH7UAfaockuD2ao+sk0g","baseKeyType":2,"closed":1769822486332,"used":1769794059758,"created":1769794059758,"remoteIdentityKey":"Bd1BtHzWijpo9qkopTWEp2CCop3uOWSM7MdwK/oAWK0W"},"_chains":{"Baoe9ABC3IfrNbNAF4p98a7MYvMwkCt+v/BvLKnZImYf":{"chainKey":{"counter":0,"key":"uBJt9YG5hJ76yPtZlIyImb+E5G/SZOF/42GBsBtoDE0="},"chainType":2,"messageKeys":{}},"BW4pyfMHhl9HPi5uBYrSmjpJD3nVD1gRGhwcOicqo+Vx":{"chainKey":{"counter":-1,"key":"DNQG8kEdeOo2WmMzWJtk2RwPrfktXeYOZnkjDun2nmc="},"chainType":1,"messageKeys":{}}}},"Bc0NhrFWcbm/TPJMqoJY2QVJAStPB+0Rn0Ko+gtfscMX":{"registrationId":1928125791,"currentRatchet":{"ephemeralKeyPair":{"pubKey":"BQAmPrxTZTMPrDrOtgFnVSN4uYL6CxFPAkTRI8xR1KFU","privKey":"WKt2TWy013j+8tDzk41O1++1pqtohGV1ZKTAiR95KV0="},"lastRemoteEphemeralKey":"BeJmammlxfUAkxX4KxmJ/kvT6A22kOz0ZxXJqWEumfMe","previousCounter":0,"rootKey":"qDlFwg7KdkMueFEDoQm48ETMQ9Y1iKVGTuxDcRUWpGQ="},"indexInfo":{"baseKey":"Bc0NhrFWcbm/TPJMqoJY2QVJAStPB+0Rn0Ko+gtfscMX","baseKeyType":2,"closed":-1,"used":1769822486349,"created":1769822486349,"remoteIdentityKey":"Bd1BtHzWijpo9qkopTWEp2CCop3uOWSM7MdwK/oAWK0W"},"_chains":{"BeJmammlxfUAkxX4KxmJ/kvT6A22kOz0ZxXJqWEumfMe":{"chainKey":{"counter":0,"key":"/guaAE6yAjrl2YgF3TKJF0o0ptINARlNvl/qD7Jne0U="},"chainType":2,"messageKeys":{}},"BQAmPrxTZTMPrDrOtgFnVSN4uYL6CxFPAkTRI8xR1KFU":{"chainKey":{"counter":-1,"key":"t0KlI3vTTMboxNOTgrXdDzapUQqKROQ4UwCtP0fHgPE="},"chainType":1,"messageKeys":{}}}}},"version":"v1"}