{"_sessions":{"BfGnqLZhncT2Em3MFXQ7XrhQVTXzYyWDfP1+KGa08pde":{"registrationId":1606865766,"currentRatchet":{"ephemeralKeyPair":{"pubKey":"BeNfTz7crHP5o6R46romacra8hDPxMo18zm46xtinDsW","privKey":"kLZ4jg8VMS48ad6Z9zg2I0PPI9pgsPAUH/yHIU6pyEE="},"lastRemoteEphemeralKey":"BdJht0u+ZG/Pk7jNPAuEJh68uIaBmlRIC/IR6aeCX7k5","previousCounter":0,"rootKey":"ybwa5y+hnVVYS6MfExtZBK26LHwqx1dMwo0Im/QK3e0="},"indexInfo":{"baseKey":"BfGnqLZhncT2Em3MFXQ7XrhQVTXzYyWDfP1+KGa08pde","baseKeyType":1,"closed":-1,"used":1769797749376,"created":1769797749376,"remoteIdentityKey":"BQ6h7kJLVG9BKdtEIhixu1kTKIZnimOlpfz8ES0++1VB"},"_chains":{"BeNfTz7crHP5o6R46romacra8hDPxMo18zm46xtinDsW":{"chainKey":{"counter":0,"key":"x5ttuWrkQInNK0y45+Dl+GxLzwF8+PzhZ6nrd/D9TWo="},"chainType":1,"messageKeys":{}}},"pendingPreKey":{"signedKeyId":13720758,"baseKey":"BfGnqLZhncT2Em3MFXQ7XrhQVTXzYyWDfP1+KGa08pde","preKeyId":15208013}}},"version":"v1"}