{"_sessions":{"BQzaVN4mCXBPfGX6N58VB58td6StoWwtmEd5J+CbCChN":{"registrationId":1469631883,"currentRatchet":{"ephemeralKeyPair":{"pubKey":"BTwCLlyuETbtBziuDUBp1S7Iyv16rll4+of71lE2prsa","privKey":"OBYiP1WBmRQG4ik6kJAzKZhNz1vnHwn4qT3r/qMDpls="},"lastRemoteEphemeralKey":"BbGq3z7gR8nRtgXjJql/D2YBNUBE0RPbXoCtpYIUtLdl","previousCounter":0,"rootKey":"QZb670P69ZP2vhBaZhIQPLJF1qkrg6kdIFGGDP+wYk8="},"indexInfo":{"baseKey":"BQzaVN4mCXBPfGX6N58VB58td6StoWwtmEd5J+CbCChN","baseKeyType":1,"closed":-1,"used":1769797749480,"created":1769797749480,"remoteIdentityKey":"BbPQot8AVZf81gZD4Itla3/Q3RDSb8mo9L/fWHnGmlgq"},"_chains":{"BTwCLlyuETbtBziuDUBp1S7Iyv16rll4+of71lE2prsa":{"chainKey":{"counter":0,"key":"0BhwON9ZOiYRzlLpb5K75+dpee8U43y4O0Oiol0oqAE="},"chainType":1,"messageKeys":{}}},"pendingPreKey":{"signedKeyId":6148785,"baseKey":"BQzaVN4mCXBPfGX6N58VB58td6StoWwtmEd5J+CbCChN","preKeyId":8604090}}},"version":"v1"}