{"_sessions":{"BSYo+PxazT+BSTXELCLYUqrXbO0ExSYQYf8GYf0asL8J":{"registrationId":1371807687,"currentRatchet":{"ephemeralKeyPair":{"pubKey":"BegdzDN1Rgfob+7fK++FlI4znEc+qGaTgIXvSGUOKWR7","privKey":"WCUboHtR+q/D/CZNWw2iIwRM/jZLhRd5cHyf6umWzUw="},"lastRemoteEphemeralKey":"BXGyDBsWqZg8mPNDFJ5Uv9V5wJ86iFxPSZwSF/HXkQh+","previousCounter":0,"rootKey":"7jt7pg7ZivADSbaMXCXpRHTOFwZdjBmcYx2UA13g6cs="},"indexInfo":{"baseKey":"BSYo+PxazT+BSTXELCLYUqrXbO0ExSYQYf8GYf0asL8J","baseKeyType":1,"closed":-1,"used":1769797749135,"created":1769797749135,"remoteIdentityKey":"BYWHsFsJVwMt672seebwa88IAk1f0zguBvrMXB1Qn+gW"},"_chains":{"BegdzDN1Rgfob+7fK++FlI4znEc+qGaTgIXvSGUOKWR7":{"chainKey":{"counter":0,"key":"9eGxCYES9yYRZSbm51YwCCuexXD+/60D5LRx2+0ZC2c="},"chainType":1,"messageKeys":{}}},"pendingPreKey":{"signedKeyId":5194658,"baseKey":"BSYo+PxazT+BSTXELCLYUqrXbO0ExSYQYf8GYf0asL8J","preKeyId":6824307}}},"version":"v1"}