{"_sessions":{"BXwlzgdfzLMwoTkeYx46l43aQKioUFjC59KvjWokDsQY":{"registrationId":288360975,"currentRatchet":{"ephemeralKeyPair":{"pubKey":"BS3LVZYDts7/tVrgDSD4t6cWoPbx0WH/LxlXFie1rH8l","privKey":"IG40JIwiIWKCAKTmZK+AovcaB/pbquJVcTn/iqyBwUk="},"lastRemoteEphemeralKey":"BfWy7/UaTLBJjmz1RMuFFmjqmq9471oKz7WHIRfCaFMl","previousCounter":0,"rootKey":"+D2+IsdFxelhCB/ILSdHOoiPfw4PWKOt5uF3fUZAvQU="},"indexInfo":{"baseKey":"BXwlzgdfzLMwoTkeYx46l43aQKioUFjC59KvjWokDsQY","baseKeyType":1,"closed":-1,"used":1769797748983,"created":1769797748983,"remoteIdentityKey":"BaTkqeMkaP0klXk4kBSjUckgg+V2G79BTnZeL7ZFPbJj"},"_chains":{"BS3LVZYDts7/tVrgDSD4t6cWoPbx0WH/LxlXFie1rH8l":{"chainKey":{"counter":0,"key":"sD5my7G+CFM5zkJcBTUiiVf49Uw3cCw22pQjXWCP6bg="},"chainType":1,"messageKeys":{}}},"pendingPreKey":{"signedKeyId":5784427,"baseKey":"BXwlzgdfzLMwoTkeYx46l43aQKioUFjC59KvjWokDsQY","preKeyId":3069772}}},"version":"v1"}