{"_sessions":{"BYR7Bzq78HQO+ERHlpbEm4QR+bRfOMoOIwnMQjlXqpN+":{"registrationId":1711514560,"currentRatchet":{"ephemeralKeyPair":{"pubKey":"BQ27Q3AOkvoAqPOfNUR9Y8kxK5hHKfH813SNEpKwBaRM","privKey":"uHuQICPVxAjv3ik+g7f3fBTtOg2y/YBxmzmSFKI3lEk="},"lastRemoteEphemeralKey":"BQgj4CXcutjmCavZWwkKmZo909860H9ET2wolfl94SJp","previousCounter":0,"rootKey":"+nOxA/Rqo0g/iY0Nbk1E95ClyVeY8zb08lqC86RpX44="},"indexInfo":{"baseKey":"BYR7Bzq78HQO+ERHlpbEm4QR+bRfOMoOIwnMQjlXqpN+","baseKeyType":1,"closed":-1,"used":1769797749338,"created":1769797749338,"remoteIdentityKey":"BV9RPkQzc7Tw5a0/83V0Y5+7T8Om3RCPQB2dChIC0PFf"},"_chains":{"BQ27Q3AOkvoAqPOfNUR9Y8kxK5hHKfH813SNEpKwBaRM":{"chainKey":{"counter":0,"key":"2FOcEA32pGMhcoP77yyjCjiCizl8ImUwWtvJiCNRY0U="},"chainType":1,"messageKeys":{}}},"pendingPreKey":{"signedKeyId":14676241,"baseKey":"BYR7Bzq78HQO+ERHlpbEm4QR+bRfOMoOIwnMQjlXqpN+","preKeyId":7429858}}},"version":"v1"}