{"_sessions":{"BY+IRy2qdvN4yUdG8LcRTW1HJiMrZPQpQQ5B2hE85lYA":{"registrationId":1713359185,"currentRatchet":{"ephemeralKeyPair":{"pubKey":"BWEe/4ouazNe2z9qgjQu5KRLXId9TwTlzGaKfTE0IAoa","privKey":"aAcE2sFUBWaAvdubDfQj1NqkrEyc/eAA00k1cBPTO3Y="},"lastRemoteEphemeralKey":"BXM1KEf5wJptqcxcF3oxnaxT2tIkp5Ab65ZxfIC+fENX","previousCounter":0,"rootKey":"mmcsPwETpFFKDaaLVtDdC0lDU2yGYZWhxlYpeF1Zqe8="},"indexInfo":{"baseKey":"BY+IRy2qdvN4yUdG8LcRTW1HJiMrZPQpQQ5B2hE85lYA","baseKeyType":1,"closed":-1,"used":1769797749388,"created":1769797749388,"remoteIdentityKey":"Bdxbk/wTivswV/ebtEhvDv7bM+j08FWNDPF73iGfHY89"},"_chains":{"BWEe/4ouazNe2z9qgjQu5KRLXId9TwTlzGaKfTE0IAoa":{"chainKey":{"counter":0,"key":"HwVtVKQ4+qRNVkPJe93YDyyPH/cxNXokXuRqhMLqtRM="},"chainType":1,"messageKeys":{}}},"pendingPreKey":{"signedKeyId":14954087,"baseKey":"BY+IRy2qdvN4yUdG8LcRTW1HJiMrZPQpQQ5B2hE85lYA","preKeyId":10961139}}},"version":"v1"}