{"_sessions":{"BTUyc2/BO+hYPC+eSnkMUqihTLlTAXJ6M+ICuheUTPJ5":{"registrationId":234832534,"currentRatchet":{"ephemeralKeyPair":{"pubKey":"BXCx22MFF0p8XNImMTtDChwCBK6qd/pJvdXReybOyI9x","privKey":"eFgaU6jPvvatnT9Omaniz7+mcrGJvibgb4WdXdGsH3E="},"lastRemoteEphemeralKey":"BRaRClNvFgmMlBU7E6cOyLsSOhfr4z1GI1PvdZdpyV83","previousCounter":0,"rootKey":"a71PTuFIt1JDPxdUXcTHaAXbH6MqPlfkS6oXv6fS0ec="},"indexInfo":{"baseKey":"BTUyc2/BO+hYPC+eSnkMUqihTLlTAXJ6M+ICuheUTPJ5","baseKeyType":1,"closed":-1,"used":1769797748574,"created":1769797748574,"remoteIdentityKey":"BUBsvYZgzNI0h4JMECV10IQIKEGozwiPlVscEZ0Np+MX"},"_chains":{"BXCx22MFF0p8XNImMTtDChwCBK6qd/pJvdXReybOyI9x":{"chainKey":{"counter":0,"key":"GGiJOG9edX+PpxmFLUy9xCXd+wC2efY4sOtt6DXsSbg="},"chainType":1,"messageKeys":{}}},"pendingPreKey":{"signedKeyId":2593514,"baseKey":"BTUyc2/BO+hYPC+eSnkMUqihTLlTAXJ6M+ICuheUTPJ5","preKeyId":7521208}}},"version":"v1"}