{"_sessions":{"Be9w3Jbi0hfDDdKsSTbEs03Bghi8AX/Ks9q8UWhS6h5S":{"registrationId":1965026747,"currentRatchet":{"ephemeralKeyPair":{"pubKey":"BXCUibE7ucvSy+l0gqKhcATgq9PufYfqabdEUO/vSH4Y","privKey":"YPDjsTa7qikHJNJtlbuiPacovofbMf3FJkKKzMFg3VE="},"lastRemoteEphemeralKey":"Bc6zD+kSHvzBioRB8qFCS7mh40YUILhAoguJz8fJraMr","previousCounter":0,"rootKey":"EM9fSLXGgmGVTu2cFEOUW1VUm/CFd6bYKe3IKtEoGf0="},"indexInfo":{"baseKey":"Be9w3Jbi0hfDDdKsSTbEs03Bghi8AX/Ks9q8UWhS6h5S","baseKeyType":1,"closed":-1,"used":1769797749408,"created":1769797749408,"remoteIdentityKey":"BZKvZW22x7XXHUjbZeNqwjt7yW8DMwDqszpqZEy9FzBz"},"_chains":{"BXCUibE7ucvSy+l0gqKhcATgq9PufYfqabdEUO/vSH4Y":{"chainKey":{"counter":0,"key":"PhiFwMA2h+W3Ko+aMdIXhsPwEfDNSn400oKQktXHGCo="},"chainType":1,"messageKeys":{}}},"pendingPreKey":{"signedKeyId":6354351,"baseKey":"Be9w3Jbi0hfDDdKsSTbEs03Bghi8AX/Ks9q8UWhS6h5S","preKeyId":16682244}}},"version":"v1"}