{"_sessions":{"BeAotyO7ks3DJEIhWt9z4xn1tiK0ZPatDRc9w/kiJaVI":{"registrationId":1579579353,"currentRatchet":{"ephemeralKeyPair":{"pubKey":"BaxcjDdWcv+uK0AC0AAYI2rwaKWLmJ85Rfjo0m6TLD85","privKey":"SJMqd8GgLLwcwIaz6W3vEJpz63uCPNKzvY8l1E+zSF0="},"lastRemoteEphemeralKey":"BdgiLnQlwgYG/Odw0pT+k1bQvCZ6RXHdPmAtDPAfxFEE","previousCounter":0,"rootKey":"J5Tejwa1cJ+yjwGSYibRRtrtgel0RclKOBZfm7ExNjM="},"indexInfo":{"baseKey":"BeAotyO7ks3DJEIhWt9z4xn1tiK0ZPatDRc9w/kiJaVI","baseKeyType":1,"closed":-1,"used":1769797749367,"created":1769797749367,"remoteIdentityKey":"BTcvi5Qn68lTqa4Ygu/eR1is+xSVDsPrxgX4jF9VOewr"},"_chains":{"BaxcjDdWcv+uK0AC0AAYI2rwaKWLmJ85Rfjo0m6TLD85":{"chainKey":{"counter":0,"key":"hoCNgjdO9LpwVsiunVg0V424Jx9hmRYT4hh+6dcdyBs="},"chainType":1,"messageKeys":{}}},"pendingPreKey":{"signedKeyId":10475583,"baseKey":"BeAotyO7ks3DJEIhWt9z4xn1tiK0ZPatDRc9w/kiJaVI","preKeyId":6370}}},"version":"v1"}