{"_sessions":{"BZc8MQgPdqQhmKXqRdNwuLTjHzdcMy3dgvw1CYBlgjVN":{"registrationId":1630853438,"currentRatchet":{"ephemeralKeyPair":{"pubKey":"BfJ9NQBUoVTiZ8/8lJU2VbdjTmb2Ua4bO03OIVf9J1Bm","privKey":"qKuIeIS+ZDm6NsG1Cch7OQZUoTu5HMsCxTJJfh6Hv3g="},"lastRemoteEphemeralKey":"Bc25XWbu3DltdCSoMEOV3x2kOgqJ8VaOTEvrV2zdA91V","previousCounter":0,"rootKey":"WHjRWkz8x6wE0C0eEEXC44yvQI0WH9rCzKUc3twIzV4="},"indexInfo":{"baseKey":"BZc8MQgPdqQhmKXqRdNwuLTjHzdcMy3dgvw1CYBlgjVN","baseKeyType":1,"closed":-1,"used":1769797749497,"created":1769797749497,"remoteIdentityKey":"BZ+kksXIuRmJ8xCwB9/GFwJZvXFkuIfmWj/JDZe0TSQd"},"_chains":{"BfJ9NQBUoVTiZ8/8lJU2VbdjTmb2Ua4bO03OIVf9J1Bm":{"chainKey":{"counter":0,"key":"G2DnZiRx6xcPsYUgfbxydlWHep07khKJGvF4to3ayCE="},"chainType":1,"messageKeys":{}}},"pendingPreKey":{"signedKeyId":14749855,"baseKey":"BZc8MQgPdqQhmKXqRdNwuLTjHzdcMy3dgvw1CYBlgjVN","preKeyId":10540703}}},"version":"v1"}