{"_sessions":{"BTxPQw2YhRpljWt+UBG6erJwlPbVfzPduGbbK/Tr+VoK":{"registrationId":1848821996,"currentRatchet":{"ephemeralKeyPair":{"pubKey":"BeUNCLx6ODhDGTQKpmnJZZc+thnRTHPLQHUmBalXZoYf","privKey":"AIdHcz80LppC6FGP84U6OsyCqEJgc/02eEYstnQttHE="},"lastRemoteEphemeralKey":"BaSpO1LHxvsC5rIe2wdZtOmkaPZfwGJj1cEulbwqdbk4","previousCounter":0,"rootKey":"pNP1dUjIHd6R6cV1fDQinEbm8SaJEsp4g26HUuQkogc="},"indexInfo":{"baseKey":"BTxPQw2YhRpljWt+UBG6erJwlPbVfzPduGbbK/Tr+VoK","baseKeyType":1,"closed":-1,"used":1769797749094,"created":1769797749094,"remoteIdentityKey":"BdGQ6qHgRGXvpVRzSBb8vVRCMfe/KRgfK4O8W4yn6Tos"},"_chains":{"BeUNCLx6ODhDGTQKpmnJZZc+thnRTHPLQHUmBalXZoYf":{"chainKey":{"counter":0,"key":"8IwakcuZJG0awblayKw3Mw21OZsK5wMzY0SkREiMmMQ="},"chainType":1,"messageKeys":{}}},"pendingPreKey":{"signedKeyId":1078299,"baseKey":"BTxPQw2YhRpljWt+UBG6erJwlPbVfzPduGbbK/Tr+VoK","preKeyId":10258588}}},"version":"v1"}