{"_sessions":{"BQact+3BeGJzhAgsMfk/lBhfLx0qtDZDo85fUH7txHFr":{"registrationId":753167257,"currentRatchet":{"ephemeralKeyPair":{"pubKey":"BVIwtYveW5yJ3LFWRIgVqa+iUjgwBjMTmEBE8u26lwMX","privKey":"SBFR/8fa27ireDDDtUtnnJDuUJlYycFxulbmalziqWo="},"lastRemoteEphemeralKey":"BZcLbR6NQXSt5NoZsRoRwMKevRxIN+ZbjHAP44mVDu0+","previousCounter":0,"rootKey":"Nkg99JRcCc2ewZmG/KTWCFAkqadNwIpsm4oEBBYDovQ="},"indexInfo":{"baseKey":"BQact+3BeGJzhAgsMfk/lBhfLx0qtDZDo85fUH7txHFr","baseKeyType":1,"closed":-1,"used":1769797749547,"created":1769797749547,"remoteIdentityKey":"BXSy1b7KRRY0g1bZqXsL7EMmZ1fedyiIpndPos38TK9D"},"_chains":{"BVIwtYveW5yJ3LFWRIgVqa+iUjgwBjMTmEBE8u26lwMX":{"chainKey":{"counter":0,"key":"ZSGQf1tu7LyP6OKic2xZi70n/hPFkV4nX3s4dheL8To="},"chainType":1,"messageKeys":{}}},"pendingPreKey":{"signedKeyId":7495662,"baseKey":"BQact+3BeGJzhAgsMfk/lBhfLx0qtDZDo85fUH7txHFr","preKeyId":12018238}}},"version":"v1"}