{"_sessions":{"BUAIL3EZ/LVwlcT47GZxtWoL1EtVvtfRhKiwgl8D9uQ7":{"registrationId":1013517503,"currentRatchet":{"ephemeralKeyPair":{"pubKey":"BXRIRw+GtlAJQqRaT3zKj0R2E22+pxFvZAd81bQsHA5h","privKey":"oLgeKQWVhG4rkhbTXKkBI/3uX01YnSVjFuZgT40UcXs="},"lastRemoteEphemeralKey":"Bc3NAlrBDA52q8BDidpAl/n5xbCYBHI60zqYvhJ8WooF","previousCounter":0,"rootKey":"6spU8vETBQ0alA3e5FsjIu7Ju8Zg0h8NCaAlCSUDDKc="},"indexInfo":{"baseKey":"BUAIL3EZ/LVwlcT47GZxtWoL1EtVvtfRhKiwgl8D9uQ7","baseKeyType":1,"closed":-1,"used":1769797749270,"created":1769797749270,"remoteIdentityKey":"BdL/lMh/WvpqjEYx7jElN3H6rD8ouGHkNrzZnQQvKzN0"},"_chains":{"BXRIRw+GtlAJQqRaT3zKj0R2E22+pxFvZAd81bQsHA5h":{"chainKey":{"counter":0,"key":"yuWvkvgop3YCBd/kafWRwBoz/zCHUt6vqayu5WGIuDQ="},"chainType":1,"messageKeys":{}}},"pendingPreKey":{"signedKeyId":13361616,"baseKey":"BUAIL3EZ/LVwlcT47GZxtWoL1EtVvtfRhKiwgl8D9uQ7","preKeyId":7937034}}},"version":"v1"}