{"_sessions":{"BXl667QnvWCiRiCwoANLfGMLnv2Z/9ZomMncMG2QsStb":{"registrationId":139,"currentRatchet":{"ephemeralKeyPair":{"pubKey":"BbDv4nMvpJCgqAEkT3lHrqv+hmC2ZIYyOo+NDG7ROrww","privKey":"oEjKM1QRV+fkjmxWI5W6BvnuGzZ/6IIYSGNYW1cK7mg="},"lastRemoteEphemeralKey":"BW3pfNnQAzYORhlQTVW2ssZiEzaZV2ET5p7GoWUweuE1","previousCounter":0,"rootKey":"xY/gdzD7oOdko3WtQPMnVDUihdJyb6LJFSxt54YTqb8="},"indexInfo":{"baseKey":"BXl667QnvWCiRiCwoANLfGMLnv2Z/9ZomMncMG2QsStb","baseKeyType":1,"closed":-1,"used":1769789755504,"created":1769789755504,"remoteIdentityKey":"BQ7XC4sbdkX7b61yobdujp7S3rK6dEETZY9abI3eNNdE"},"_chains":{"BbDv4nMvpJCgqAEkT3lHrqv+hmC2ZIYyOo+NDG7ROrww":{"chainKey":{"counter":1,"key":"baBwf+DSUynu9r/yQMUPfod4at1rU9m/Esd63ZFeijw="},"chainType":1,"messageKeys":{}}},"pendingPreKey":{"signedKeyId":1,"baseKey":"BXl667QnvWCiRiCwoANLfGMLnv2Z/9ZomMncMG2QsStb","preKeyId":20}}},"version":"v1"}