{"_sessions":{"BalQoZPI64omKyPewqH2Yc7S9QBltUeCUD6xkO5MdWFa":{"registrationId":1066119637,"currentRatchet":{"ephemeralKeyPair":{"pubKey":"BclSodzCjYhGZpqBHsk7lWLJZMs81D3miD9IemxjwCZx","privKey":"UO9FuB+779wVLudIgaiexKUnR2ZQmbPeUDQ+T6acHHU="},"lastRemoteEphemeralKey":"Be26SVDUiSfhWuATWlCvkj7r2EY/qKbHi1Kw4F9Sk20F","previousCounter":0,"rootKey":"O7N7tbDILdjZswls+LBYt3n0DA3ImujjnCH/pxDdy/w="},"indexInfo":{"baseKey":"BalQoZPI64omKyPewqH2Yc7S9QBltUeCUD6xkO5MdWFa","baseKeyType":1,"closed":-1,"used":1769797749041,"created":1769797749041,"remoteIdentityKey":"BUvxX9/41CtAmGWi1ots0nlHaq6oH1EtJVvoGMxGT+NZ"},"_chains":{"BclSodzCjYhGZpqBHsk7lWLJZMs81D3miD9IemxjwCZx":{"chainKey":{"counter":0,"key":"Vh0cREvhBMXv6LGiO+LLm/CxVspXxn8YKfkIG/Tj+k4="},"chainType":1,"messageKeys":{}}},"pendingPreKey":{"signedKeyId":10045406,"baseKey":"BalQoZPI64omKyPewqH2Yc7S9QBltUeCUD6xkO5MdWFa","preKeyId":9825201}}},"version":"v1"}