{"_sessions":{"BXHMqJKJzauSp879czKynsEqFoW74OiYIQEXtY0lDIkV":{"registrationId":481596587,"currentRatchet":{"ephemeralKeyPair":{"pubKey":"Be5Oifem0SUcrHx1ijWMW1m48t1rHpAluOa5ndb3VDFl","privKey":"aHEElND0oHIbfspDbht1Iq9GPszI6RtvAPmBU5vU03I="},"lastRemoteEphemeralKey":"BbI6UXxNFllYd5zOJpZfS6TRlAFb3tAV4S/6lxfe2CgX","previousCounter":0,"rootKey":"qzMQXTwxRIcwxF4vYPShssc7o9kz/M3HCQ5fj9z3tHM="},"indexInfo":{"baseKey":"BXHMqJKJzauSp879czKynsEqFoW74OiYIQEXtY0lDIkV","baseKeyType":1,"closed":-1,"used":1769797749175,"created":1769797749175,"remoteIdentityKey":"BahycKhkd3dFi8CCCFsmFOuKMK6uRZPgdTJUgd+2yIE+"},"_chains":{"Be5Oifem0SUcrHx1ijWMW1m48t1rHpAluOa5ndb3VDFl":{"chainKey":{"counter":0,"key":"qGHY33Gg1geWkvJ+TH8N4jE1+eys1Y64ue/F9F7v6JI="},"chainType":1,"messageKeys":{}}},"pendingPreKey":{"signedKeyId":13968726,"baseKey":"BXHMqJKJzauSp879czKynsEqFoW74OiYIQEXtY0lDIkV"}}},"version":"v1"}