{"_sessions":{"BbTAtfZAWVq/eKF3Gd3/C9/yC3Qbh0reMo7W841KGVsK":{"registrationId":10029,"currentRatchet":{"ephemeralKeyPair":{"pubKey":"BbF6yd+MEdrj227ooHKajVVAwJKlgg8vaCUvkP4+AeEC","privKey":"6Pb9rJLgtSEgOF6/p72MwvUbzY05HqL1JCy4j0EZA38="},"lastRemoteEphemeralKey":"BTz+pOq91nSRXDLIDiAm+J1BmVS0F0xBETYtYz4hWDJH","previousCounter":0,"rootKey":"17d3T8UtPPKjc55NzKBhjjpGScXjx3UglhyXTiMl2fE="},"indexInfo":{"baseKey":"BbTAtfZAWVq/eKF3Gd3/C9/yC3Qbh0reMo7W841KGVsK","baseKeyType":1,"closed":-1,"used":1769797749649,"created":1769797749649,"remoteIdentityKey":"BTOUTT81WacAAmmDi8qOrar2TK/z/urAOBruu5nIFGgC"},"_chains":{"BbF6yd+MEdrj227ooHKajVVAwJKlgg8vaCUvkP4+AeEC":{"chainKey":{"counter":0,"key":"orkI2Poc8r7pvouSYkt1T3ciyjFptxsqSgq0M3QZUU4="},"chainType":1,"messageKeys":{}}},"pendingPreKey":{"signedKeyId":1,"baseKey":"BbTAtfZAWVq/eKF3Gd3/C9/yC3Qbh0reMo7W841KGVsK","preKeyId":215}}},"version":"v1"}