{"_sessions":{"BeQ6IDbEEdn8O0Mk8mISQ81DzhdranWm/tL9ijpSKkkA":{"registrationId":1140919836,"currentRatchet":{"ephemeralKeyPair":{"pubKey":"BR5iaW1061dbDaW3M6rdRAIiaKrc+1Zuolw7/dQj5wII","privKey":"CKw3pIyH9LnhgMMbHTMozyV7bm6lS4exu0XEWxDxZmY="},"lastRemoteEphemeralKey":"BdypKIb+u32NFIxzBrcyIfcHtqS5EIfC0PF6uW31jYoe","previousCounter":0,"rootKey":"rF8XpsoVjdRFBXIGk3hJfSpanyZ96J9k3EIYGkmp/eg="},"indexInfo":{"baseKey":"BeQ6IDbEEdn8O0Mk8mISQ81DzhdranWm/tL9ijpSKkkA","baseKeyType":1,"closed":-1,"used":1769797749007,"created":1769797749007,"remoteIdentityKey":"Ba6sLGEvsyn61sWytODB+YZSm+2fTZ2pdrHTeyj9g6YD"},"_chains":{"BR5iaW1061dbDaW3M6rdRAIiaKrc+1Zuolw7/dQj5wII":{"chainKey":{"counter":0,"key":"yb3oBFB2acW9Wsnsjrx5w+M3l/DrF8wgOiDQQ8dfQjw="},"chainType":1,"messageKeys":{}}},"pendingPreKey":{"signedKeyId":9703569,"baseKey":"BeQ6IDbEEdn8O0Mk8mISQ81DzhdranWm/tL9ijpSKkkA","preKeyId":10772534}}},"version":"v1"}