{"_sessions":{"BXhO3M+a9pLnfARomLL4h32o6TElhPNhwohhfg9CKLM2":{"registrationId":2078617598,"currentRatchet":{"ephemeralKeyPair":{"pubKey":"BUz4GUVad5W9ICf91gMbWU+BFQC2LSCzpLRTG/73bkZu","privKey":"ILw08oQWsH9DzrMkmPFj5rOSWyp+UDutTafyO86K23o="},"lastRemoteEphemeralKey":"BdCdsezXWA5khkfwAqV3dTda2MsRAiHeBdyKvckwk1oT","previousCounter":0,"rootKey":"ejMRXw4KJ0SBV2eUgSLnGhwL/aA82oLWgX+aRYLkJZQ="},"indexInfo":{"baseKey":"BXhO3M+a9pLnfARomLL4h32o6TElhPNhwohhfg9CKLM2","baseKeyType":1,"closed":-1,"used":1769797749227,"created":1769797749227,"remoteIdentityKey":"BekKeTp2aHYt+EqlYMyGcGxLClnM61XUKxWDHK1DLFg8"},"_chains":{"BUz4GUVad5W9ICf91gMbWU+BFQC2LSCzpLRTG/73bkZu":{"chainKey":{"counter":0,"key":"vaGq4Aae6hloGwqfLm8aCjUQ/1wCUs3Jp9PzB57vdj8="},"chainType":1,"messageKeys":{}}},"pendingPreKey":{"signedKeyId":4849055,"baseKey":"BXhO3M+a9pLnfARomLL4h32o6TElhPNhwohhfg9CKLM2","preKeyId":15291361}}},"version":"v1"}