{"_sessions":{"BdZqK8d5aV0+3dyPJuzlL/ofr6ssI68LJMXlPt5DUmFT":{"registrationId":594852842,"currentRatchet":{"ephemeralKeyPair":{"pubKey":"BdpSNITCFIxmXk2O7Ec9efOSqau0F+sMPPIWElHoYexo","privKey":"MNFLNeYVr/23SaI3iuF2DHQqWKQZXErLGpl4YxQmw2s="},"lastRemoteEphemeralKey":"BTOZEMvneUXL9tzhhumw0Bz2I9pzdl9Bd/WkuP/c7VF3","previousCounter":0,"rootKey":"cT2nO6osvV1X2Rf1wyfgRwr4ho9zre0X2TTMpz//+AA="},"indexInfo":{"baseKey":"BdZqK8d5aV0+3dyPJuzlL/ofr6ssI68LJMXlPt5DUmFT","baseKeyType":1,"closed":-1,"used":1769797749304,"created":1769797749304,"remoteIdentityKey":"Bcu5OzdAMV1t+uDKh7FygHZ1irlsaDXsOVjnvSgb1Dlt"},"_chains":{"BdpSNITCFIxmXk2O7Ec9efOSqau0F+sMPPIWElHoYexo":{"chainKey":{"counter":0,"key":"DZV9XiJk3iLqmRO0JbynSUHaSmDBacyS2UILq+1lI3Y="},"chainType":1,"messageKeys":{}}},"pendingPreKey":{"signedKeyId":876477,"baseKey":"BdZqK8d5aV0+3dyPJuzlL/ofr6ssI68LJMXlPt5DUmFT","preKeyId":7987819}}},"version":"v1"}