{"_sessions":{"BRc+VHj540UfTT0gXX8rWTso9y/qEmxcr166lq8eyzZ9":{"registrationId":871993972,"currentRatchet":{"ephemeralKeyPair":{"pubKey":"BSTF2M3Ub1DCuE72nY6xrMlpwemZn+aFFP4OyQwNdmZR","privKey":"uJsuSiMAa+mvtxjdivoVpPfD6iIQ38xlOMCrqGRwAFI="},"lastRemoteEphemeralKey":"BXAp+/KFZT9wkcNjm+0VK+n5OneJtpaSaAXF+NiIR2dd","previousCounter":0,"rootKey":"NYCvniQUDQF1+R8+XCNWv8Og/FnIzV368ZYJNYMSWD0="},"indexInfo":{"baseKey":"BRc+VHj540UfTT0gXX8rWTso9y/qEmxcr166lq8eyzZ9","baseKeyType":1,"closed":-1,"used":1769797749521,"created":1769797749521,"remoteIdentityKey":"BS268NJVVPJXxwGMlWLbu1LdI4xCyP+MVutHFBypNI1H"},"_chains":{"BSTF2M3Ub1DCuE72nY6xrMlpwemZn+aFFP4OyQwNdmZR":{"chainKey":{"counter":0,"key":"5oavO+wjau0zmigOFMWFMSzYdGb17am8WgYyIks+Chw="},"chainType":1,"messageKeys":{}}},"pendingPreKey":{"signedKeyId":5,"baseKey":"BRc+VHj540UfTT0gXX8rWTso9y/qEmxcr166lq8eyzZ9","preKeyId":1403522}}},"version":"v1"}