{"_sessions":{"BSNKkiZZ8LI/i1qVptuE+fh5vit4yGZSzOlwOno8umMk":{"registrationId":301253385,"currentRatchet":{"ephemeralKeyPair":{"pubKey":"Bc1RuIIiVcOWJ9ImRVYB3OypD49SR+UV9j6VGUPJawAZ","privKey":"sE4Ym6vDF4bTNfYQaJbBP3kmKXYzfYpE3OyQnoYmYk8="},"lastRemoteEphemeralKey":"BTtN3aQ89k0IBYbYffJKqZQG441WlgqB/wtYhQ/j0DUS","previousCounter":0,"rootKey":"/agcsMHyuBS+x8NMJYKVRtVDE6kkqAdY6izi7VJM4LI="},"indexInfo":{"baseKey":"BSNKkiZZ8LI/i1qVptuE+fh5vit4yGZSzOlwOno8umMk","baseKeyType":1,"closed":-1,"used":1769797749513,"created":1769797749513,"remoteIdentityKey":"BZE69WPk/rSu/ULiPWxJ/TqdJrUyBJPmkROOa50HYssh"},"_chains":{"Bc1RuIIiVcOWJ9ImRVYB3OypD49SR+UV9j6VGUPJawAZ":{"chainKey":{"counter":0,"key":"nc/Sl0SkPq4SFMlmn3nRb4hyrsjBg30kViFuh7CKRXQ="},"chainType":1,"messageKeys":{}}},"pendingPreKey":{"signedKeyId":7334003,"baseKey":"BSNKkiZZ8LI/i1qVptuE+fh5vit4yGZSzOlwOno8umMk","preKeyId":13694443}}},"version":"v1"}