{"_sessions":{"BTehaKrsMIybFVHjcSrTDwVnjifrAKsHerxqgAyUY/hn":{"registrationId":1928125791,"currentRatchet":{"ephemeralKeyPair":{"pubKey":"BRSaFzJF8wMIWA03uDklMf37EfwwTDJyNySvGBbt5o1j","privKey":"sDROOW1pEKw65lLVoHEcV4H7mTAOKXls4UnWafb0UWA="},"lastRemoteEphemeralKey":"BbKBWhljp/qCDlKD6Fs6dmDMtJXjUFIs4pegDC5fzkYY","previousCounter":0,"rootKey":"BVxoyVPBDRJiiAKhXNiOeKuyP9t82Yup5J5vYHvs7jM="},"indexInfo":{"baseKey":"BTehaKrsMIybFVHjcSrTDwVnjifrAKsHerxqgAyUY/hn","baseKeyType":1,"closed":-1,"used":1769791180094,"created":1769791180094,"remoteIdentityKey":"Bd1BtHzWijpo9qkopTWEp2CCop3uOWSM7MdwK/oAWK0W"},"_chains":{"BRSaFzJF8wMIWA03uDklMf37EfwwTDJyNySvGBbt5o1j":{"chainKey":{"counter":82,"key":"sd3ZxrciNSq+5g9DaqLSEEsq0RSfXOw2iOuYZUd415E="},"chainType":1,"messageKeys":{}}},"pendingPreKey":{"signedKeyId":2535533,"baseKey":"BTehaKrsMIybFVHjcSrTDwVnjifrAKsHerxqgAyUY/hn","preKeyId":1369543}}},"version":"v1"}