{"_sessions":{"BWloM3iK5cjCrn5wM7Dp8RENE9Anv0IcuhWs+GujrJMr":{"registrationId":683130733,"currentRatchet":{"ephemeralKeyPair":{"pubKey":"BcOAp2dBLMEB2uwincvHnkhME+Q6s71MvtiF1t/bqnlo","privKey":"WE8SlKwR04qsGEEnqeO7DFH6BdtbLRFpVFVc1dJ7V00="},"lastRemoteEphemeralKey":"BYWKHKFpqTqf5U0APYenR6guMECyHYcnnDjU60FRwl4i","previousCounter":0,"rootKey":"pwpPwyx/knvqGthgGYO8VMC6S7BU6YbY9Tvqy02Q6tw="},"indexInfo":{"baseKey":"BWloM3iK5cjCrn5wM7Dp8RENE9Anv0IcuhWs+GujrJMr","baseKeyType":1,"closed":-1,"used":1769797748542,"created":1769797748542,"remoteIdentityKey":"BV31MkoP2WT0JcxDx/20UlJMoqtS9+thgjZStlebyKtf"},"_chains":{"BcOAp2dBLMEB2uwincvHnkhME+Q6s71MvtiF1t/bqnlo":{"chainKey":{"counter":0,"key":"ZXQRR2GFLSC++jSLHEn9kbhsnJb+vklQZvC2rKaoIr4="},"chainType":1,"messageKeys":{}}},"pendingPreKey":{"signedKeyId":362579,"baseKey":"BWloM3iK5cjCrn5wM7Dp8RENE9Anv0IcuhWs+GujrJMr","preKeyId":10970431}}},"version":"v1"}