{"_sessions":{"BfsWnM1xa+78sUa/moH+9lM/JxB8tSBY/2AN++5KA71s":{"registrationId":773450323,"currentRatchet":{"ephemeralKeyPair":{"pubKey":"BQS5NBaHI1U84Jt1Qs9V6KHpMBYcFyCUEXBSBRIQ2JMf","privKey":"uGYt81myII5feqhX27hLyuYuwZgaZpxL992HM03lhFQ="},"lastRemoteEphemeralKey":"BfjUmd+oZ9HoHfmQ/awwkofDdlF715j06dhk/uT0BSZo","previousCounter":0,"rootKey":"yyEQ84I3tqR9YCUAd4IepK1idcuKgj53nDRWf5SAf40="},"indexInfo":{"baseKey":"BfsWnM1xa+78sUa/moH+9lM/JxB8tSBY/2AN++5KA71s","baseKeyType":1,"closed":-1,"used":1769797749453,"created":1769797749453,"remoteIdentityKey":"BZYwp3UICDOovLKmah4FHcqfa3QSbN/Xd6u4A12GXDt4"},"_chains":{"BQS5NBaHI1U84Jt1Qs9V6KHpMBYcFyCUEXBSBRIQ2JMf":{"chainKey":{"counter":0,"key":"G8EYV/2Sk6jzPMQxRC7IAvU+orL5BIDSfqTUeqGdh0E="},"chainType":1,"messageKeys":{}}},"pendingPreKey":{"signedKeyId":545848,"baseKey":"BfsWnM1xa+78sUa/moH+9lM/JxB8tSBY/2AN++5KA71s","preKeyId":11103872}}},"version":"v1"}