{"_sessions":{"BcPSus5CU8UicFc0jvwHn9Soabv094sc7imvOoWJrTUN":{"registrationId":659186834,"currentRatchet":{"ephemeralKeyPair":{"pubKey":"BQzPwbME4h7tN7sf8evBUNOZaJVSLiJomUs9PWj4FvsD","privKey":"eIXbe+mmhFqdZt6smM2e2ND1EzT+FLqsxPnOkf67cWo="},"lastRemoteEphemeralKey":"BbauG6U9Rl9tvuuk55jhLCMK9s7qgInZtkMga5nBDJVv","previousCounter":0,"rootKey":"fvozuM/6xnxSqktYTgCtV3khtUWn67c51UfLSQL3NT0="},"indexInfo":{"baseKey":"BcPSus5CU8UicFc0jvwHn9Soabv094sc7imvOoWJrTUN","baseKeyType":1,"closed":-1,"used":1769797749604,"created":1769797749604,"remoteIdentityKey":"BYEcxytaFKxf13qHdip7XMEPkUyb+y09Nv7vUbm2/DRH"},"_chains":{"BQzPwbME4h7tN7sf8evBUNOZaJVSLiJomUs9PWj4FvsD":{"chainKey":{"counter":0,"key":"OtQWjZQbtk+iamqKI8RqAB8Gd4+KtxqFnw/ke8tFDK4="},"chainType":1,"messageKeys":{}}},"pendingPreKey":{"signedKeyId":6658983,"baseKey":"BcPSus5CU8UicFc0jvwHn9Soabv094sc7imvOoWJrTUN","preKeyId":6153008}}},"version":"v1"}