{"_sessions":{"BbTChBn1E+N2JnZugEhy0H/DWEopXmi8oGNXqdbT4UcG":{"registrationId":2006599376,"currentRatchet":{"ephemeralKeyPair":{"pubKey":"Bdj9HM5oM8qTtycFDJeFpagqIvy9yrLMaxi326Ta4PkP","privKey":"EKsR6S4EIWJJGLQCjT0pIEfYsPc9vMF020jr/VUGlno="},"lastRemoteEphemeralKey":"BZyg8A6KaJ9QTzbhHjrfgqYYTY46BJxnA068Sxw7Su9b","previousCounter":0,"rootKey":"zRPoGc+Ivhxoi/SDKScdYMSMidW8sqFdw2wfbIv5qYk="},"indexInfo":{"baseKey":"BbTChBn1E+N2JnZugEhy0H/DWEopXmi8oGNXqdbT4UcG","baseKeyType":1,"closed":-1,"used":1769797749168,"created":1769797749168,"remoteIdentityKey":"BRx2WTR1bUUO+VJ5nmLyZF4cCM97EgyhjTiilHh1t/FQ"},"_chains":{"Bdj9HM5oM8qTtycFDJeFpagqIvy9yrLMaxi326Ta4PkP":{"chainKey":{"counter":0,"key":"KRocgEZckrlwcZ3H5Zt7ndiPkX2Ieh0C4uZvfMSHqTM="},"chainType":1,"messageKeys":{}}},"pendingPreKey":{"signedKeyId":15592916,"baseKey":"BbTChBn1E+N2JnZugEhy0H/DWEopXmi8oGNXqdbT4UcG"}}},"version":"v1"}