{"_sessions":{"BVZD4hdDlQIKG2FicFy+PgcJu0mtPLx6ChdpHunAVXhf":{"registrationId":995302254,"currentRatchet":{"ephemeralKeyPair":{"pubKey":"BSOyR+B1HIqkBil8/Zt2rdhFoK0Wmmc450ezfSqPNWJ2","privKey":"qL3kNid7NMQcOor2Dluv3ic4enkDuRpt89E0r77aVmQ="},"lastRemoteEphemeralKey":"Bf5zxrOJs5tlJG3eZCqafBqAvDFsmhoQeCaleucYQRQQ","previousCounter":0,"rootKey":"CMRFl7udtrY0fvx5nIIjojGzulFuEg0w+EEwiZyjKMY="},"indexInfo":{"baseKey":"BVZD4hdDlQIKG2FicFy+PgcJu0mtPLx6ChdpHunAVXhf","baseKeyType":1,"closed":-1,"used":1769797749538,"created":1769797749538,"remoteIdentityKey":"BQIQGnryYySxr7GH4hz0n9i7uEWYeDYZzauJfRIBtHdZ"},"_chains":{"BSOyR+B1HIqkBil8/Zt2rdhFoK0Wmmc450ezfSqPNWJ2":{"chainKey":{"counter":0,"key":"ipDaQFboQnlELabKV+rpfcG+q6d54Xhhza42ZDYrIjs="},"chainType":1,"messageKeys":{}}},"pendingPreKey":{"signedKeyId":6256223,"baseKey":"BVZD4hdDlQIKG2FicFy+PgcJu0mtPLx6ChdpHunAVXhf","preKeyId":5715195}}},"version":"v1"}