{"_sessions":{"Bbdq5y8kHKdHI3RUKeR4GdnuyKrK8BhjnHBN0bKrZ3Rx":{"registrationId":2019653120,"currentRatchet":{"ephemeralKeyPair":{"pubKey":"BcLIt6AJVi17/hKE113YooD52MvjWSXTE2MH+vOr3ukE","privKey":"sLuwSJXCZWQQFEEgJTHpbAgJo5p4Pil+c4u8fbbOln0="},"lastRemoteEphemeralKey":"BVtnG3bkGuP6dxPnPGKyDgY9wym+ZrwQJbITM8n/i9Mz","previousCounter":0,"rootKey":"a63nhLh/JlkYQtM4jW0rQuKsFarJdQr+9g/uDWhXGVY="},"indexInfo":{"baseKey":"Bbdq5y8kHKdHI3RUKeR4GdnuyKrK8BhjnHBN0bKrZ3Rx","baseKeyType":1,"closed":-1,"used":1769797748959,"created":1769797748959,"remoteIdentityKey":"BS+IIuxT3hJtO+NMLIDh3lRDMijxHsntJIlwwB2JJ65h"},"_chains":{"BcLIt6AJVi17/hKE113YooD52MvjWSXTE2MH+vOr3ukE":{"chainKey":{"counter":0,"key":"zj56ezwNXgtEq6bbCADC4vw/dvkTp53qPM3geTfq2Mo="},"chainType":1,"messageKeys":{}}},"pendingPreKey":{"signedKeyId":5364944,"baseKey":"Bbdq5y8kHKdHI3RUKeR4GdnuyKrK8BhjnHBN0bKrZ3Rx","preKeyId":5808667}}},"version":"v1"}