{"_sessions":{"Beq0pxxaxNCIiXio4Wp7Ba6ycIN3XnQ/so+Jqs6pMp8d":{"registrationId":2009691011,"currentRatchet":{"ephemeralKeyPair":{"pubKey":"BVaUdgJJHmDdSqARKVEzML3Wv9of3cscjFPCM81oFLV9","privKey":"yPIITNZj/95njpQatnIR+hIBuHGdfuLk14DV7c49SGU="},"lastRemoteEphemeralKey":"BXrCrXwUWsASrCOtXGZkH1x8JCJY6/5Kv9Ed5VusYq5B","previousCounter":0,"rootKey":"GXenHZDMOI764HRym9hI4XYf2wrzjBtlZg19KrNE5jg="},"indexInfo":{"baseKey":"Beq0pxxaxNCIiXio4Wp7Ba6ycIN3XnQ/so+Jqs6pMp8d","baseKeyType":1,"closed":-1,"used":1769797748938,"created":1769797748938,"remoteIdentityKey":"BSbCznxR0RTwnctwadfBBCiUyzqhS11W/7pVNz1aJHtl"},"_chains":{"BVaUdgJJHmDdSqARKVEzML3Wv9of3cscjFPCM81oFLV9":{"chainKey":{"counter":0,"key":"ad24nB4rZfD8vUrctU3qnpWHOCM1XJmQG6tHNdBjkz8="},"chainType":1,"messageKeys":{}}},"pendingPreKey":{"signedKeyId":7046918,"baseKey":"Beq0pxxaxNCIiXio4Wp7Ba6ycIN3XnQ/so+Jqs6pMp8d","preKeyId":15491157}}},"version":"v1"}