{"_sessions":{"BZRI3vnhHmFfU7fq7j8iSJcnB4jc0HpVYA+HFu5qfVcT":{"registrationId":4835,"currentRatchet":{"ephemeralKeyPair":{"pubKey":"BUt8WOpLbqtKNJJ2qisBvyF5tZWu+gyknTP70wAbgrgd","privKey":"aDbBWOQvvNf3gKYyZcmj0NqyBQjp5IRS9WCoY/D0YF8="},"lastRemoteEphemeralKey":"BbhjJtrtMQNVUh9rjuXXpulvO38yJg4/SKjGv1A66d0d","previousCounter":0,"rootKey":"5xeSMnOmmI8EqmHllLv+nvD9Q89ovSuOEPWPc36cgtw="},"indexInfo":{"baseKey":"BZRI3vnhHmFfU7fq7j8iSJcnB4jc0HpVYA+HFu5qfVcT","baseKeyType":1,"closed":-1,"used":1769797749610,"created":1769797749610,"remoteIdentityKey":"BXF8Su6QICMqX5UWUUIAvyquhHk1zEuwxp7wb7cW1DZF"},"_chains":{"BUt8WOpLbqtKNJJ2qisBvyF5tZWu+gyknTP70wAbgrgd":{"chainKey":{"counter":0,"key":"ATzvrnZpzno5aqt2V6ZeeyNIK6ZXYr10hY8u0mAW2v4="},"chainType":1,"messageKeys":{}}},"pendingPreKey":{"signedKeyId":1,"baseKey":"BZRI3vnhHmFfU7fq7j8iSJcnB4jc0HpVYA+HFu5qfVcT"}}},"version":"v1"}