{"_sessions":{"BRAHZV9CzN47Z0ANzmhAy8dYLscfeKhTo/679Ik4vOht":{"registrationId":609723590,"currentRatchet":{"ephemeralKeyPair":{"pubKey":"Bfp3GQ7XI+rZUGKtuA1gwCfAgjTrfYxuMbBLFmhmUJhR","privKey":"EKefow/I8QgW3h02zauuGr1YC+W7VrQkizX6DrbE00E="},"lastRemoteEphemeralKey":"BWQpl1qfm4vWPWX/zbP0vO+BrvrcnEp8HIq6g84sNUQV","previousCounter":0,"rootKey":"2MvvgwwLlfVRfE34VQAc7SLNsejcHJWluDMQvLSYSIQ="},"indexInfo":{"baseKey":"BRAHZV9CzN47Z0ANzmhAy8dYLscfeKhTo/679Ik4vOht","baseKeyType":1,"closed":-1,"used":1769797749530,"created":1769797749530,"remoteIdentityKey":"BZ2OynzyGO28OlCQYBuMGuacDGpX7gw3I1FH74IZJBBg"},"_chains":{"Bfp3GQ7XI+rZUGKtuA1gwCfAgjTrfYxuMbBLFmhmUJhR":{"chainKey":{"counter":0,"key":"0BzpYAdABAxh8LgEUwBpu6v6TltmWAyINRZsdIl89G4="},"chainType":1,"messageKeys":{}}},"pendingPreKey":{"signedKeyId":1825375,"baseKey":"BRAHZV9CzN47Z0ANzmhAy8dYLscfeKhTo/679Ik4vOht","preKeyId":8735273}}},"version":"v1"}