{"_sessions":{"BVb51SrS5XpZCUPlDxf0ABFDzpKYZyuTap2/4KT25bwJ":{"registrationId":197,"currentRatchet":{"ephemeralKeyPair":{"pubKey":"BZjRkhI26yWQB1zAAtBu6gRquNuUI7FdBKKhWYH3nLFf","privKey":"QIvZjBowoMKM3EyRPFKnySmW7znbFb14vFFjouUEWnQ="},"lastRemoteEphemeralKey":"BSyrAL8PWzE7DaSNks0ClVs9vMccd1mtie+D8L8tNmQa","previousCounter":0,"rootKey":"lGZ6zwvoxmqhe18SJsngJeM8KFpQCOyhCHCLG3JZLt0="},"indexInfo":{"baseKey":"BVb51SrS5XpZCUPlDxf0ABFDzpKYZyuTap2/4KT25bwJ","baseKeyType":1,"closed":-1,"used":1769797749666,"created":1769797749666,"remoteIdentityKey":"BcjPTf7WrIUlFz9u7QaUDeDbsQtBZoiqhLgmo3qG6UFx"},"_chains":{"BZjRkhI26yWQB1zAAtBu6gRquNuUI7FdBKKhWYH3nLFf":{"chainKey":{"counter":0,"key":"vuDEL9kl7N4YmjBTxjpmI7GaaZ1tjz5+Wbl0sTspy00="},"chainType":1,"messageKeys":{}}},"pendingPreKey":{"signedKeyId":1,"baseKey":"BVb51SrS5XpZCUPlDxf0ABFDzpKYZyuTap2/4KT25bwJ"}}},"version":"v1"}