{"_sessions":{"BVjTFCLb/QVFXq8HtEYBloG/CMKvoKiv4ki1wMgi5eYM":{"registrationId":1522921425,"currentRatchet":{"ephemeralKeyPair":{"pubKey":"BUOQwVS91hxABucIgsogBuY482kSobiFMPm7ybYJ3MgM","privKey":"gAWjHutmBB/AMGq4ILea7FU2WVE++zvdvKwaxpKFZF8="},"lastRemoteEphemeralKey":"BfQPzaf8AY2RQD9CznVVCoulosngZhQU2al1DqIcZ2MI","previousCounter":0,"rootKey":"HhsxdKIZJhEuB5wr9Fp7bd+p0CV2pU1FUjMlYmvs+Bc="},"indexInfo":{"baseKey":"BVjTFCLb/QVFXq8HtEYBloG/CMKvoKiv4ki1wMgi5eYM","baseKeyType":1,"closed":1769789708068,"used":1769789705420,"created":1769789705420,"remoteIdentityKey":"BfIcOsoix5UZ2tIGph9ss3kV8icYHfx7RjFFdbq+eD1S"},"_chains":{"BUOQwVS91hxABucIgsogBuY482kSobiFMPm7ybYJ3MgM":{"chainKey":{"counter":0,"key":"f+WhjeaPt04O7oxf6I6K0CzW4yXNpKAYzeqeSQGjW1A="},"chainType":1,"messageKeys":{}}},"pendingPreKey":{"signedKeyId":11487764,"baseKey":"BVjTFCLb/QVFXq8HtEYBloG/CMKvoKiv4ki1wMgi5eYM","preKeyId":15687755}},"Bfmtxdw1hgYIflqoqQoz1Wql9kFXrZ59o11AjAwQ2nph":{"registrationId":1522921425,"currentRatchet":{"ephemeralKeyPair":{"pubKey":"Bfdj9VKAPQ7WAJu5JCJnRgxaIeKEZfY/GHDWHd8BrXMe","privKey":"8JdZogUcJzDojWFhmStR9bTVyJJUN0Dq7h1FNNnbakA="},"lastRemoteEphemeralKey":"Baan+L+cKjnR6wtqTWVMrBLV8xs32R3SFYpyKXo3ByYm","previousCounter":0,"rootKey":"lbIm7yAvZh5dWdB094Au+pjhOnFKa/j92MGGNewRcZs="},"indexInfo":{"baseKey":"Bfmtxdw1hgYIflqoqQoz1Wql9kFXrZ59o11AjAwQ2nph","baseKeyType":2,"closed":-1,"used":1769789728950,"created":1769789708083,"remoteIdentityKey":"BfIcOsoix5UZ2tIGph9ss3kV8icYHfx7RjFFdbq+eD1S"},"_chains":{"BWia7R/6dvyZR1gLpBoL59wOvy/wRioMy7FoxvKP5R8+":{"chainKey":{"counter":5},"chainType":2,"messageKeys":{}},"Baan+L+cKjnR6wtqTWVMrBLV8xs32R3SFYpyKXo3ByYm":{"chainKey":{"counter":0,"key":"u+ICQi9dxqoqR3IPz7ejzyjCry24vrfdEhN0iFP018M="},"chainType":2,"messageKeys":{}},"Bfdj9VKAPQ7WAJu5JCJnRgxaIeKEZfY/GHDWHd8BrXMe":{"chainKey":{"counter":170,"key":"G3vePrOiFv4vpooQTgiE0QfWgcjrLV6xi+/WwMQeqTA="},"chainType":1,"messageKeys":{}}}}},"version":"v1"}