{"_sessions":{"Bdc0MU32rElSZupcDMOWYe5gz9fOObO5afv22kvBb5FQ":{"registrationId":173691073,"currentRatchet":{"ephemeralKeyPair":{"pubKey":"BZ+mJsHbI2C+mXXdx1c6GU3FGJujNK7YbWnXyQo/r0gH","privKey":"wEgqb9wCAy7w8AEwvSQ/gcKJn/buQYD1kwg2VMHErm8="},"lastRemoteEphemeralKey":"BWrB1ftbMxZB1Tnkt2iBXW2PWsZIRI81ke6i+YFVwbJl","previousCounter":0,"rootKey":"DJC5kq2mKv4VsDGvoJk7TuEMyOhHLsusiZoyGQ3rtAs="},"indexInfo":{"baseKey":"Bdc0MU32rElSZupcDMOWYe5gz9fOObO5afv22kvBb5FQ","baseKeyType":1,"closed":-1,"used":1769797748806,"created":1769797748806,"remoteIdentityKey":"BUwvZk94ur1FkuD9/VVLBTQmN8h6gcSJTjPIRLRAcvkv"},"_chains":{"BZ+mJsHbI2C+mXXdx1c6GU3FGJujNK7YbWnXyQo/r0gH":{"chainKey":{"counter":0,"key":"t8XKDqJvG4A6VNK11b1yxEjp5ldPLVPYrlm2Lqh6q2Q="},"chainType":1,"messageKeys":{}}},"pendingPreKey":{"signedKeyId":11329348,"baseKey":"Bdc0MU32rElSZupcDMOWYe5gz9fOObO5afv22kvBb5FQ","preKeyId":7205702}}},"version":"v1"}