{"_sessions":{"BRHuHAWdp3TmXYypyEkzW074gA7fx+kAeP5M0dq1K8tt":{"registrationId":1084690712,"currentRatchet":{"ephemeralKeyPair":{"pubKey":"BWLzuI2++dvKjSytXfnPiAeP/0SpSh2hMg1UcEh6G88b","privKey":"sIjk+gwoZX1TpufdyoD1EV+7AnpCyLPUqKbztAYYa3s="},"lastRemoteEphemeralKey":"BfMPV/hvhn6zoJOItiT+23sqsVKcd5/xCD+nHgqcywoG","previousCounter":0,"rootKey":"A9SW6u+AzBX1ctrdO6mb1VmuxQEfO3HV5HTltazerzw="},"indexInfo":{"baseKey":"BRHuHAWdp3TmXYypyEkzW074gA7fx+kAeP5M0dq1K8tt","baseKeyType":1,"closed":-1,"used":1769797749358,"created":1769797749358,"remoteIdentityKey":"BRA4LN1kMTnu/4uLiZMxLXzd1vLsSuw2LB497QnQFApZ"},"_chains":{"BWLzuI2++dvKjSytXfnPiAeP/0SpSh2hMg1UcEh6G88b":{"chainKey":{"counter":0,"key":"wpR96jHOjmu27zAu+ayLz/20aTnPz7YGFHZ2XL3+TWI="},"chainType":1,"messageKeys":{}}},"pendingPreKey":{"signedKeyId":13956606,"baseKey":"BRHuHAWdp3TmXYypyEkzW074gA7fx+kAeP5M0dq1K8tt"}}},"version":"v1"}