{"_sessions":{"BbMOnZOyHsH92UNx6xRqD+EZm8N33kqyMcOUPEDZFUon":{"registrationId":149784060,"currentRatchet":{"ephemeralKeyPair":{"pubKey":"BY4hjjzO87dqCZeAurEV9dBh4J/4UmmvrLtIROb4OGoj","privKey":"oNaPdaAaLQWZkq5NsZAWQ9DlJWk6G/ybBEzqgv3AN3c="},"lastRemoteEphemeralKey":"BQWn8dM8ISzaK/cq0rAWbbCPKTbvLo6nyxeLwbcOROs+","previousCounter":0,"rootKey":"3RBbueSvnb51y9X0dSvHnh4IdF0jMIu23biG2wQQzjc="},"indexInfo":{"baseKey":"BbMOnZOyHsH92UNx6xRqD+EZm8N33kqyMcOUPEDZFUon","baseKeyType":1,"closed":-1,"used":1769797749210,"created":1769797749209,"remoteIdentityKey":"BWcZDy1IxzPZleu1VVR3xh2VOGdE4BhrVXHZ+btuGP0B"},"_chains":{"BY4hjjzO87dqCZeAurEV9dBh4J/4UmmvrLtIROb4OGoj":{"chainKey":{"counter":0,"key":"2X7D41FvtLrNFY9TY6OdSqyA2PMYYANFHuvEVGsMo0k="},"chainType":1,"messageKeys":{}}},"pendingPreKey":{"signedKeyId":1761472,"baseKey":"BbMOnZOyHsH92UNx6xRqD+EZm8N33kqyMcOUPEDZFUon","preKeyId":10378327}}},"version":"v1"}