{"_sessions":{"BZu2txxop3GwK5nQWiXrShVm+HbKVNjsCZDBYOpWXVk5":{"registrationId":2055707248,"currentRatchet":{"ephemeralKeyPair":{"pubKey":"BcKZl+Rg8hG97pIlhhP+xnAFTI+4fR2hr+KOh/oyLqVI","privKey":"cOrXsiiyJGnW85HND/Wbw4IrmssFunySYjNdHe0Cil8="},"lastRemoteEphemeralKey":"BfDdqnvrUeS9yMVuQLHXhQe0uMmQGPGgfRy0uRPOyIQ9","previousCounter":0,"rootKey":"zb9yYvCyfMR/+KY6slS7SKXuM4qWybnLZzRAzWPfleg="},"indexInfo":{"baseKey":"BZu2txxop3GwK5nQWiXrShVm+HbKVNjsCZDBYOpWXVk5","baseKeyType":1,"closed":-1,"used":1769797749400,"created":1769797749400,"remoteIdentityKey":"BeCtmO6iKSufHGMo3yNlfytNGLXeh27cXJIYI6EgWeMT"},"_chains":{"BcKZl+Rg8hG97pIlhhP+xnAFTI+4fR2hr+KOh/oyLqVI":{"chainKey":{"counter":0,"key":"YKu66IcOC0dMikkjEDfZdVY5NH8k67c12rO8vDyg7Js="},"chainType":1,"messageKeys":{}}},"pendingPreKey":{"signedKeyId":11482267,"baseKey":"BZu2txxop3GwK5nQWiXrShVm+HbKVNjsCZDBYOpWXVk5","preKeyId":768799}}},"version":"v1"}