{"_sessions":{"BY4e7ThSCffwcY8SkhoIN8I0iqxDEYUquM4ftHNrJ4pP":{"registrationId":14247,"currentRatchet":{"ephemeralKeyPair":{"pubKey":"BeM0eNhnhUwp65oadyphd9hEkUiqFXuf2KrY7FE5BJF2","privKey":"sJP4PoqvV9ciMRx3Z1WjYaIkS4bba0ocuIuqR7Nx/3o="},"lastRemoteEphemeralKey":"BYqaEcwbWHBQkSsrYlQ/Cc5eXrTXXem2BRSGrZVslQMt","previousCounter":0,"rootKey":"amajf9PU8r5vlscyzPVfJbvCrJkCXRkGhyqWX6usbpA="},"indexInfo":{"baseKey":"BY4e7ThSCffwcY8SkhoIN8I0iqxDEYUquM4ftHNrJ4pP","baseKeyType":1,"closed":-1,"used":1769797749586,"created":1769797749586,"remoteIdentityKey":"BUilYsb6VfWuxgxUWE9ZI6Qrhub8KwPhqvsXXDPNgx5J"},"_chains":{"BeM0eNhnhUwp65oadyphd9hEkUiqFXuf2KrY7FE5BJF2":{"chainKey":{"counter":0,"key":"ZTgwrmi44IpHRDYHmN/fMQp5pjs+h2Rgvgb/PsaW6ZQ="},"chainType":1,"messageKeys":{}}},"pendingPreKey":{"signedKeyId":1,"baseKey":"BY4e7ThSCffwcY8SkhoIN8I0iqxDEYUquM4ftHNrJ4pP","preKeyId":429}}},"version":"v1"}