{"_sessions":{"BSRxHXeV7akWBQ5QylcrMjmljnbLpZ3Lomzc51IfBTV7":{"registrationId":1925541336,"currentRatchet":{"ephemeralKeyPair":{"pubKey":"BVZImZsIr0IEdHpnc8iR+/hLzX1mZjcOYhxoHLaYwjIS","privKey":"ON1fzu2UA4RSBvuboOW1PS5LMvQL2BkxyPSSEPlOynU="},"lastRemoteEphemeralKey":"BRkGP3wmkWpGqMCEPbyOWcIEmSu1HOiPo6UctwZVV9hS","previousCounter":0,"rootKey":"DpPvl27mFWTz7qhhPAJp1Lo/9hnK3wmEu+C3V15qSa8="},"indexInfo":{"baseKey":"BSRxHXeV7akWBQ5QylcrMjmljnbLpZ3Lomzc51IfBTV7","baseKeyType":1,"closed":-1,"used":1769797749469,"created":1769797749469,"remoteIdentityKey":"BQnpQ5STvmlmKKNeXiwVB8NAotYjI3MMJQ28BSwch9Nq"},"_chains":{"BVZImZsIr0IEdHpnc8iR+/hLzX1mZjcOYhxoHLaYwjIS":{"chainKey":{"counter":0,"key":"Hq+jqReaQcLcdgi2R5RrwUNNU5J0mFDKb6pH6tq0hZ0="},"chainType":1,"messageKeys":{}}},"pendingPreKey":{"signedKeyId":7756961,"baseKey":"BSRxHXeV7akWBQ5QylcrMjmljnbLpZ3Lomzc51IfBTV7","preKeyId":12762486}}},"version":"v1"}