{"_sessions":{"BXs50I0t3h13Df0Jl/gfgZOYKKdvbKKCSTNekPeUqndR":{"registrationId":1920938136,"currentRatchet":{"ephemeralKeyPair":{"pubKey":"BXZauQyde1xMGGIMUdigjN72xR00fUo4F2nyMq83luJr","privKey":"uDbIBfQja8pm+UKklIwrb1bBTr39Gc3gje5MUfMD0Vc="},"lastRemoteEphemeralKey":"BakOcBNWBe7mzpkBw/LY+JnLX7UBW/euYaOo5SGgRbNx","previousCounter":0,"rootKey":"ePZC4R5H8nbr72MkzQqAVAb+OPORphrpPXPOV2PQbNU="},"indexInfo":{"baseKey":"BXs50I0t3h13Df0Jl/gfgZOYKKdvbKKCSTNekPeUqndR","baseKeyType":1,"closed":-1,"used":1769797749192,"created":1769797749192,"remoteIdentityKey":"BRYB8/2Tg5J/jggRAYs8Yn2F3f390Eqi1PRk3MBce+hz"},"_chains":{"BXZauQyde1xMGGIMUdigjN72xR00fUo4F2nyMq83luJr":{"chainKey":{"counter":0,"key":"KdxMiI0QCcrLLWr7vE87kpOwkOkmXsfvdbsNNissPRQ="},"chainType":1,"messageKeys":{}}},"pendingPreKey":{"signedKeyId":1403951,"baseKey":"BXs50I0t3h13Df0Jl/gfgZOYKKdvbKKCSTNekPeUqndR","preKeyId":12106317}}},"version":"v1"}