{"_sessions":{"Bea9PeNPg4UsNZ502e7ZySCxzpXofKgN6v0/pYkdojtn":{"registrationId":1268143367,"currentRatchet":{"ephemeralKeyPair":{"pubKey":"BTwcJbI7R3OAhe7Uo7m0GV/Eum0B9KDeU+GX97CDqAgw","privKey":"uJ7aIG+rAvo3jRgjAkLC6HKTksqbrFEt9w1KAt39MF8="},"lastRemoteEphemeralKey":"Bf+DlL57xf3NZG13s101Pl4gRs+kht2Va2EFRUUK9fFp","previousCounter":0,"rootKey":"/viPcjkr/M3AH0FHnb+6kSL1STxpeqocKDDeBW404oM="},"indexInfo":{"baseKey":"Bea9PeNPg4UsNZ502e7ZySCxzpXofKgN6v0/pYkdojtn","baseKeyType":1,"closed":-1,"used":1769797748821,"created":1769797748821,"remoteIdentityKey":"BSGXfkhIJ8UIMfIam0BM5DN23fKKDP4thb6/SinDTiYW"},"_chains":{"BTwcJbI7R3OAhe7Uo7m0GV/Eum0B9KDeU+GX97CDqAgw":{"chainKey":{"counter":0,"key":"HwdXa+++NFYV1vuJpmoETW3mmw9VLQtkXhsFKRuQ3Po="},"chainType":1,"messageKeys":{}}},"pendingPreKey":{"signedKeyId":16075408,"baseKey":"Bea9PeNPg4UsNZ502e7ZySCxzpXofKgN6v0/pYkdojtn","preKeyId":10935276}}},"version":"v1"}