{"_sessions":{"BTkJTvnyEzZBQ+SzxtWSTpMt2M86DWNw+MP4zuY0ylgf":{"registrationId":1091565455,"currentRatchet":{"ephemeralKeyPair":{"pubKey":"BSOG286Hvv4fdbU433Av/ycQwT78mrwlpD/e+DrwiSpO","privKey":"MKWfHhfU1bNvokqK9Jfz6o74XkWiJjLg5JmP6DynE3o="},"lastRemoteEphemeralKey":"BYqUVMzVrfxi0fbsSYKCN2wyc+5y0yW9RNTV4P4LzWcG","previousCounter":0,"rootKey":"j6ZayEOURoCjCuB3dM3pA4h3ouLIGnEsfLma5wUxVI0="},"indexInfo":{"baseKey":"BTkJTvnyEzZBQ+SzxtWSTpMt2M86DWNw+MP4zuY0ylgf","baseKeyType":1,"closed":-1,"used":1769797748775,"created":1769797748775,"remoteIdentityKey":"BYrRXGuh4mmts9BhWMkThP6M2ns8jxuJcp+zCjdVJKoF"},"_chains":{"BSOG286Hvv4fdbU433Av/ycQwT78mrwlpD/e+DrwiSpO":{"chainKey":{"counter":0,"key":"ZTGTb4274wdP7Ol6C7rIgDiwJJG8BCTTND5sBdJUSto="},"chainType":1,"messageKeys":{}}},"pendingPreKey":{"signedKeyId":7579233,"baseKey":"BTkJTvnyEzZBQ+SzxtWSTpMt2M86DWNw+MP4zuY0ylgf","preKeyId":7795413}}},"version":"v1"}