{"_sessions":{"BctNP7KvyukA3tZOqwBHH5UGAGqzRzfCZ2AEmB+f3yFm":{"registrationId":151144286,"currentRatchet":{"ephemeralKeyPair":{"pubKey":"BUhk8Db+mrVMMZiTytYyqcOdtVLd8QUQXx9y0XJtrZ1u","privKey":"AFU3u2W6r2RhK5P4X3qHHC1cJg6AH/HPsEiP/QaL838="},"lastRemoteEphemeralKey":"Bbxs7FigoJzo1NNqEHM4+22qHlI6CsRQYCuORagXo1Qz","previousCounter":0,"rootKey":"ZBRY6VAg2pKJC46M+fcPwzTnCkXHxSWknXLqRq2+Rok="},"indexInfo":{"baseKey":"BctNP7KvyukA3tZOqwBHH5UGAGqzRzfCZ2AEmB+f3yFm","baseKeyType":1,"closed":-1,"used":1769797749057,"created":1769797749057,"remoteIdentityKey":"BTp9PP9dYTi0swpEqoJpa1LTnXctDjsNAZAzPXl9QRJE"},"_chains":{"BUhk8Db+mrVMMZiTytYyqcOdtVLd8QUQXx9y0XJtrZ1u":{"chainKey":{"counter":0,"key":"coQV6YMgMjWv5TRoH+woR5OfjSxgH5qMOmkl1eDW+1g="},"chainType":1,"messageKeys":{}}},"pendingPreKey":{"signedKeyId":7703643,"baseKey":"BctNP7KvyukA3tZOqwBHH5UGAGqzRzfCZ2AEmB+f3yFm","preKeyId":4914988}}},"version":"v1"}