{"_sessions":{"Bbd/Pp7qbsbZC4RU8CUqBlrzc9vOvlOzET1agUlJGOVv":{"registrationId":133149689,"currentRatchet":{"ephemeralKeyPair":{"pubKey":"BacwVBOPLzcM7tZBKdJgNevXzoR0kn/Y8+jxP/Ql4h8H","privKey":"MJk67KBnLLRT4BIU6c/PLNrIGkrpxVGJNC3kQM3FxEQ="},"lastRemoteEphemeralKey":"BTsPD6KnEKT6L9MFOi7xB4DZ53rDemrJ9hOkxKy3gcQS","previousCounter":0,"rootKey":"dKLv0ntRURfEGqYTIo/4w4g0FRHfdbJnamomQdVpmy4="},"indexInfo":{"baseKey":"Bbd/Pp7qbsbZC4RU8CUqBlrzc9vOvlOzET1agUlJGOVv","baseKeyType":1,"closed":-1,"used":1769797748899,"created":1769797748899,"remoteIdentityKey":"BbqF0FH5+OsZe+hXJ/cuUToFkUQ3r3JKCBBvnapTH55I"},"_chains":{"BacwVBOPLzcM7tZBKdJgNevXzoR0kn/Y8+jxP/Ql4h8H":{"chainKey":{"counter":0,"key":"Jj0XwRmulWM5KlpL2xJoPD4Mp4PXSevpTp2J5lz2sYI="},"chainType":1,"messageKeys":{}}},"pendingPreKey":{"signedKeyId":13338970,"baseKey":"Bbd/Pp7qbsbZC4RU8CUqBlrzc9vOvlOzET1agUlJGOVv","preKeyId":16728189}}},"version":"v1"}