{"_sessions":{"BXrbnEDAgQNgCoZJrnPRTVTGtwj0Uq93fKYiS7l3HCw8":{"registrationId":307975493,"currentRatchet":{"ephemeralKeyPair":{"pubKey":"BQFugf7ryA+J6FFFn6+X9G8H94Xa+N27agV/R+f17P4F","privKey":"gNb/ojMElEmjvokRM2swoyxbHm4j5eZtLBod1mshz3Q="},"lastRemoteEphemeralKey":"BZIL9fSnvhV0ZGHh8QbhsrMZjZTLKIxrY+HNn1TQfq5j","previousCounter":0,"rootKey":"oQ4i/bg29HOb58LE7LE3cmA1zHUIQzTx3iPDbOCAYuw="},"indexInfo":{"baseKey":"BXrbnEDAgQNgCoZJrnPRTVTGtwj0Uq93fKYiS7l3HCw8","baseKeyType":1,"closed":-1,"used":1769797748605,"created":1769797748605,"remoteIdentityKey":"Bdyga3G9SlxIG0OCxzJGXMlxR45HKJ3PFRWZTz+sqE4M"},"_chains":{"BQFugf7ryA+J6FFFn6+X9G8H94Xa+N27agV/R+f17P4F":{"chainKey":{"counter":0,"key":"Lz6dseTcJ3x5Rh/x3phny+oWuTtwhEKoyeh29SkDWSM="},"chainType":1,"messageKeys":{}}},"pendingPreKey":{"signedKeyId":1384332,"baseKey":"BXrbnEDAgQNgCoZJrnPRTVTGtwj0Uq93fKYiS7l3HCw8","preKeyId":14965952}}},"version":"v1"}