{"_sessions":{"Bd4J3ymt/OxayGDJr0h6ef0Ypr2tyrQseoU49qFHT6kG":{"registrationId":333278735,"currentRatchet":{"ephemeralKeyPair":{"pubKey":"BUrcwrmr68OyBzu/Mry/ssqQbtWFW8EYlmINyKxWFhQi","privKey":"ODRhDmXnTisGJQ3aZ3LBl7Lk2G9wJ65RL3M0jIrpxE8="},"lastRemoteEphemeralKey":"BWJ1VPRXFncn6P8xNrtFJ4EY580ipjtMPdoeflSnKCFA","previousCounter":0,"rootKey":"uwjmPlgAoqoBO5L6L1yLOSkh1uIc/uR7lhyi7bwqV6o="},"indexInfo":{"baseKey":"Bd4J3ymt/OxayGDJr0h6ef0Ypr2tyrQseoU49qFHT6kG","baseKeyType":1,"closed":-1,"used":1769797748470,"created":1769797748470,"remoteIdentityKey":"BUkkroMpbdXRB9Fe9D1uJnVgdbRgl7fuBSDohRIwQqoo"},"_chains":{"BUrcwrmr68OyBzu/Mry/ssqQbtWFW8EYlmINyKxWFhQi":{"chainKey":{"counter":0,"key":"S7USLRh0rgqsgt403jgQsSW/KdVLRY2OvdKTGR/aewY="},"chainType":1,"messageKeys":{}}},"pendingPreKey":{"signedKeyId":14453233,"baseKey":"Bd4J3ymt/OxayGDJr0h6ef0Ypr2tyrQseoU49qFHT6kG","preKeyId":1445096}}},"version":"v1"}