{"_sessions":{"BZ27VUgntVQ6fxjhsAqB8cwquKZjnodNnuTooA3+l8t3":{"registrationId":2048945258,"currentRatchet":{"ephemeralKeyPair":{"pubKey":"BSmK19r5XZPtlMaRJf2QIeC/9ZlSLKqwH5Iej5r+h2lj","privKey":"SG/Jy3wZH0ZeisjZwPVKGucpk9ZbbRa8vD8CMzJotXg="},"lastRemoteEphemeralKey":"BRQn9lFCN16TKlNS6tc8aP4++tTl+St/LiQm6Rnn92Nl","previousCounter":0,"rootKey":"GodT5qcWQSvKWfafABbnFdxgDIHU3h7Ee+bLSPgYvzY="},"indexInfo":{"baseKey":"BZ27VUgntVQ6fxjhsAqB8cwquKZjnodNnuTooA3+l8t3","baseKeyType":1,"closed":-1,"used":1769797748558,"created":1769797748558,"remoteIdentityKey":"BWxmUVT66MiwL8zM4+NV/jbA7+FoEVsp+FrUI8mCTjNg"},"_chains":{"BSmK19r5XZPtlMaRJf2QIeC/9ZlSLKqwH5Iej5r+h2lj":{"chainKey":{"counter":0,"key":"tC6bBIprTo76LYK/TbejlU6W9yrwFZuUGOO08lTOsvI="},"chainType":1,"messageKeys":{}}},"pendingPreKey":{"signedKeyId":7149330,"baseKey":"BZ27VUgntVQ6fxjhsAqB8cwquKZjnodNnuTooA3+l8t3","preKeyId":8315188}}},"version":"v1"}