{"_sessions":{"BWNK1Kh5kDwk6ZE6/VX6EEWZGqL/ClEOV0DkM4lMoX5C":{"registrationId":281442515,"currentRatchet":{"ephemeralKeyPair":{"pubKey":"BT4hNQTntjFG71tEBOXp5vfK9uBDGEwYXNe7+IETYEkY","privKey":"SH1hazO7wL0Q9NL3kvyOC8XI6y+0er8JP5MGinToR0Y="},"lastRemoteEphemeralKey":"BRxwaWAL2RBnVVv9tZZeRCR0qLZpfEtXmCy/xF6yN3wc","previousCounter":0,"rootKey":"Nq3gitOk3UPUFaOakXPpETHu8YDk1tl4cpyi05wDuwk="},"indexInfo":{"baseKey":"BWNK1Kh5kDwk6ZE6/VX6EEWZGqL/ClEOV0DkM4lMoX5C","baseKeyType":1,"closed":-1,"used":1769797749218,"created":1769797749218,"remoteIdentityKey":"BX9WN+HBrZiVLQE96qZjYykJXb00VNPB7BVdL4GkYcJ8"},"_chains":{"BT4hNQTntjFG71tEBOXp5vfK9uBDGEwYXNe7+IETYEkY":{"chainKey":{"counter":0,"key":"eKazD4XohLMPDJ7pL1mqPodAUqm0PsjYgx7gHT5FXwk="},"chainType":1,"messageKeys":{}}},"pendingPreKey":{"signedKeyId":12848462,"baseKey":"BWNK1Kh5kDwk6ZE6/VX6EEWZGqL/ClEOV0DkM4lMoX5C","preKeyId":14503508}}},"version":"v1"}