{"_sessions":{"BXTj0gxUA4klR+MMO0gRpM78QN9B/isuweIZkHe0rNQ1":{"registrationId":696932483,"currentRatchet":{"ephemeralKeyPair":{"pubKey":"BYvzqalhEjXHxhqun9AUmLsPSIOSSw+mOlutnz2kod5i","privKey":"KAnMLtLPE9vPZo5W6+wr/ol6s2GGd1DLAgrRCrMSn0Q="},"lastRemoteEphemeralKey":"BU30VqNhAc8hW4jnjyO/b0VdGV0TYao4fGKktUzmmyUy","previousCounter":0,"rootKey":"cpE5EetEcT8hpcPS9Z6bm6jx2ZFU5hH4kRTfCOjXYG8="},"indexInfo":{"baseKey":"BXTj0gxUA4klR+MMO0gRpM78QN9B/isuweIZkHe0rNQ1","baseKeyType":1,"closed":-1,"used":1769797749253,"created":1769797749253,"remoteIdentityKey":"BadOud8nTUEAjLoEgABKWwyJuc3dz3te4lMNfcwSHYYS"},"_chains":{"BYvzqalhEjXHxhqun9AUmLsPSIOSSw+mOlutnz2kod5i":{"chainKey":{"counter":0,"key":"uQ0RbXEpLHAT8sucttCPc/LOJd72iPN6fkLbtxJMy5E="},"chainType":1,"messageKeys":{}}},"pendingPreKey":{"signedKeyId":692245,"baseKey":"BXTj0gxUA4klR+MMO0gRpM78QN9B/isuweIZkHe0rNQ1"}}},"version":"v1"}