{"_sessions":{"BVXvwmTQYy2rd7WrETLNyF5Os6EGAx+UFfYhzDNpu8oA":{"registrationId":186072415,"currentRatchet":{"ephemeralKeyPair":{"pubKey":"BTgQG5pCHfd1yk3CT+6tfoZYGSM4FPr/bIe5s0sQ3b5Q","privKey":"eJ1dwEl7m8/vsQv2PRFe9L1iXY66taSANO/6hltCTW0="},"lastRemoteEphemeralKey":"BWHksXzyhHGEcH8WGoBSGy8az9HwTyR9RtfFpHM8PTxb","previousCounter":0,"rootKey":"r0pzzhuaP3kxO/iZ3VX9AUSp6SQ4CjjLqmgoodf7Sx4="},"indexInfo":{"baseKey":"BVXvwmTQYy2rd7WrETLNyF5Os6EGAx+UFfYhzDNpu8oA","baseKeyType":1,"closed":-1,"used":1769797749102,"created":1769797749102,"remoteIdentityKey":"BTjiAfCedtxnwbGGm6V92N5PM7z1AqPzGN/Q/25ARyoS"},"_chains":{"BTgQG5pCHfd1yk3CT+6tfoZYGSM4FPr/bIe5s0sQ3b5Q":{"chainKey":{"counter":0,"key":"/n8g+w5FWfzelflNszfZNk86yQXRijFC3caBF379+F4="},"chainType":1,"messageKeys":{}}},"pendingPreKey":{"signedKeyId":8651727,"baseKey":"BVXvwmTQYy2rd7WrETLNyF5Os6EGAx+UFfYhzDNpu8oA","preKeyId":4443028}}},"version":"v1"}