{"_sessions":{"BfsCpnmZv9IkifOp8sUA665W2ROeN3ly2KSmm5y+hiJp":{"registrationId":73730127,"currentRatchet":{"ephemeralKeyPair":{"pubKey":"BYdSfWOue4svIFi22b7AOYOjmpnjaolWPJ5h1k0wIWpZ","privKey":"iE0HinHBA0GeG569Q7vJPOJtsflbkpR6JJdY9A1322w="},"lastRemoteEphemeralKey":"Bdmq0xvUFC+9HpAnQjVlXZUCv3lkwrlc2oE8I+wfxvhJ","previousCounter":0,"rootKey":"AhbfB89ADRd5HfDQ91IbViHlxXcW71jrJbPmeDp2raU="},"indexInfo":{"baseKey":"BfsCpnmZv9IkifOp8sUA665W2ROeN3ly2KSmm5y+hiJp","baseKeyType":1,"closed":-1,"used":1769797749161,"created":1769797749161,"remoteIdentityKey":"BVWpbe4fOj5tflrCt6b2/GrsE3WLm2Fo+pKv0yFhWwUv"},"_chains":{"BYdSfWOue4svIFi22b7AOYOjmpnjaolWPJ5h1k0wIWpZ":{"chainKey":{"counter":0,"key":"tb6ilzvXDpzXH/lv6GPTWbopizQd85zmdmvl/otN4iU="},"chainType":1,"messageKeys":{}}},"pendingPreKey":{"signedKeyId":1710435,"baseKey":"BfsCpnmZv9IkifOp8sUA665W2ROeN3ly2KSmm5y+hiJp","preKeyId":7088322}}},"version":"v1"}