{"_sessions":{"BaSzsjogZPb+xvjGLvvDCHdk8CSq0qUY84iSCx6LzWB+":{"registrationId":525910655,"currentRatchet":{"ephemeralKeyPair":{"pubKey":"BbJYbcix87oczDP2u+N+2+7RpLCjwna8UbAQmSwhQsVI","privKey":"0MuOIRMcpkbsH4bix5nU7Nr2X2PtTS2fohEQwCv0bEU="},"lastRemoteEphemeralKey":"BYNhr/4wPFv+ZScL0H9buYUYhr0+ipwFStanTqk+wGkj","previousCounter":0,"rootKey":"TtZh+h1MUjgwa9h9TM1taq1ZEaA9+YoCvzyc/2e9p4Q="},"indexInfo":{"baseKey":"BaSzsjogZPb+xvjGLvvDCHdk8CSq0qUY84iSCx6LzWB+","baseKeyType":1,"closed":-1,"used":1769797749032,"created":1769797749032,"remoteIdentityKey":"BUWuwYW3eeM9PKCNIPgVfHPhOKwip/4BAMAXGS62AG5n"},"_chains":{"BbJYbcix87oczDP2u+N+2+7RpLCjwna8UbAQmSwhQsVI":{"chainKey":{"counter":0,"key":"AYQrjYH1SbIIg+l1RdTUvdvhG2R70UsYUUa7qCj5OUI="},"chainType":1,"messageKeys":{}}},"pendingPreKey":{"signedKeyId":10103915,"baseKey":"BaSzsjogZPb+xvjGLvvDCHdk8CSq0qUY84iSCx6LzWB+","preKeyId":12572484}}},"version":"v1"}