{"_sessions":{"BTw1/nSj6tATVeFuY9z87/N8AMKZGLsQKyrOpkVkiRYz":{"registrationId":2050326394,"currentRatchet":{"ephemeralKeyPair":{"pubKey":"BdM6L13beseE7+wSh+ehaaGAKXmoXcnrTMlqt9rOKJQf","privKey":"iOjJ24cQH0iTgNfcwTgTsZJPo1H8ipPzBA6odUswRHQ="},"lastRemoteEphemeralKey":"BX985915g2Hrf4efv55POO6QT1HL7kF3aOjXkbaMAqR9","previousCounter":0,"rootKey":"HTU+/3b0gk2MMTxFNs3oeGtOQL01fseuRg+8Rf/PoAM="},"indexInfo":{"baseKey":"BTw1/nSj6tATVeFuY9z87/N8AMKZGLsQKyrOpkVkiRYz","baseKeyType":1,"closed":-1,"used":1769797748790,"created":1769797748790,"remoteIdentityKey":"Beb5q/CY5iWz2TZsB4Jc+YZMfdlxnBP7CrbOXX0kj/9C"},"_chains":{"BdM6L13beseE7+wSh+ehaaGAKXmoXcnrTMlqt9rOKJQf":{"chainKey":{"counter":0,"key":"dLzs/f0qia4w51mO5ZapWH2YPmcL8K4l5SxmX1tKTds="},"chainType":1,"messageKeys":{}}},"pendingPreKey":{"signedKeyId":1101083,"baseKey":"BTw1/nSj6tATVeFuY9z87/N8AMKZGLsQKyrOpkVkiRYz","preKeyId":3893965}}},"version":"v1"}