{"_sessions":{"BSieF1snxhnpj4BDmqb72MFSc5ddM+V7o5Q87NMCGbog":{"registrationId":2141393372,"currentRatchet":{"ephemeralKeyPair":{"pubKey":"BT8Re+LnjYjkWdhyR5Y5hsroES2X62Z4Kp4G/VT8sTYG","privKey":"QKVNgtDOopLmbpmMu/jOWv1pE0OTUVJdd4kWsY+stng="},"lastRemoteEphemeralKey":"BbPdhjMWtCqOvh5thQWU1wvrbSPmSCIUClRl0C3RAzgN","previousCounter":0,"rootKey":"wikH2xNViN9q1usMDFZPAVb3vMpY3k/txYBh7rOVOzs="},"indexInfo":{"baseKey":"BSieF1snxhnpj4BDmqb72MFSc5ddM+V7o5Q87NMCGbog","baseKeyType":1,"closed":-1,"used":1769797749287,"created":1769797749287,"remoteIdentityKey":"BeZp2fwu0QtPsv/BKhFlMKdGqVC0BGPS0cK+kTgykvYs"},"_chains":{"BT8Re+LnjYjkWdhyR5Y5hsroES2X62Z4Kp4G/VT8sTYG":{"chainKey":{"counter":0,"key":"O0F8Wa0ygbrlqjEnnOYBWTAhCn74hwPD2myS3gvwRSs="},"chainType":1,"messageKeys":{}}},"pendingPreKey":{"signedKeyId":10983763,"baseKey":"BSieF1snxhnpj4BDmqb72MFSc5ddM+V7o5Q87NMCGbog","preKeyId":5882843}}},"version":"v1"}