{"_sessions":{"BSNMoA5kZysZ4onz4H9LltQ4LCcu7vQ1l/HEbVgpaNAa":{"registrationId":1108174957,"currentRatchet":{"ephemeralKeyPair":{"pubKey":"BTmOsRqKd3bJD5o/pScv3f+ajOjXIH26bKGY3/MeU3Zk","privKey":"2BPLCO3HGHTnYiNkcrwFofy+SBkGxY+3v3YYwbfi9XQ="},"lastRemoteEphemeralKey":"Bb9QW1x0+wCjrEyVg9WpTvqNdnPavYa54vEaWZOzkVY8","previousCounter":0,"rootKey":"DgtE3v+wrVgp8pJuCmV96Q9H9M4qLAGQkGKTX9PYF+4="},"indexInfo":{"baseKey":"BSNMoA5kZysZ4onz4H9LltQ4LCcu7vQ1l/HEbVgpaNAa","baseKeyType":1,"closed":-1,"used":1769797749024,"created":1769797749024,"remoteIdentityKey":"BZH69Y08eXrVPrrGJU1JYLjtwF8Hcb2KziPJlAnIbVNw"},"_chains":{"BTmOsRqKd3bJD5o/pScv3f+ajOjXIH26bKGY3/MeU3Zk":{"chainKey":{"counter":0,"key":"fMJzQQND6jhCxBXE1q+TAj+Ou7F6Bu7S39PeNGRr7h4="},"chainType":1,"messageKeys":{}}},"pendingPreKey":{"signedKeyId":6451765,"baseKey":"BSNMoA5kZysZ4onz4H9LltQ4LCcu7vQ1l/HEbVgpaNAa","preKeyId":1670395}}},"version":"v1"}