{"_sessions":{"BU7fDFFFTtLe9UiqDnAJP6uerAUFy7y/emU85tGakw4w":{"registrationId":1427529073,"currentRatchet":{"ephemeralKeyPair":{"pubKey":"BfGXLNfs5UHBZUlxe3UvNVoR9od9/i2s7RnX98xQskpD","privKey":"4An+3mfJWCW+m3jA2C5hP8GUFP0BQ5RiI1hYGk0JJFk="},"lastRemoteEphemeralKey":"BUftQ0RLYf2dGxI5dAcyAaxIRfidJmPCNNDO3a8+9ZYx","previousCounter":0,"rootKey":"YteOP3BsNRjQwg3HSeUCSiSV0qrTC6saRFiA2Qnvuh4="},"indexInfo":{"baseKey":"BU7fDFFFTtLe9UiqDnAJP6uerAUFy7y/emU85tGakw4w","baseKeyType":1,"closed":-1,"used":1769797749015,"created":1769797749015,"remoteIdentityKey":"BeItNKQJQh7/dunw/UTJb4GnZHwB8gTeGxExkjDTLec1"},"_chains":{"BfGXLNfs5UHBZUlxe3UvNVoR9od9/i2s7RnX98xQskpD":{"chainKey":{"counter":0,"key":"b0d5nOJ+vx73tg5KjL0ZF5GwN1hXKsqgNdJ92DnHKf8="},"chainType":1,"messageKeys":{}}},"pendingPreKey":{"signedKeyId":1874506,"baseKey":"BU7fDFFFTtLe9UiqDnAJP6uerAUFy7y/emU85tGakw4w","preKeyId":1579857}}},"version":"v1"}