{"_sessions":{"Bf/KvMsob6G98dQqrWz4rLqvbNcvFO6RLsoOZb98ijBP":{"registrationId":1483510903,"currentRatchet":{"ephemeralKeyPair":{"pubKey":"BX2kp9JULaXDez1QoiTGWwrG0GTeoXjZtlaMGA21ENFi","privKey":"II8WZNulRhsLxzTBdw4bIh5cBxYkYOU8MSiHIJRIQHI="},"lastRemoteEphemeralKey":"BaHH6TYbPdKrTmbaYS1kEqXpNs/qnf7ztrV/0XQSlh02","previousCounter":0,"rootKey":"I0p3NJ0DodgZL+QFdoLEjk8QnHEx2eMSQlMeXm/2EnM="},"indexInfo":{"baseKey":"Bf/KvMsob6G98dQqrWz4rLqvbNcvFO6RLsoOZb98ijBP","baseKeyType":1,"closed":-1,"used":1769797748759,"created":1769797748759,"remoteIdentityKey":"BVpAYNjs3UFidzui6ZzOFLfHXQfikH0BklGMVti0rXMd"},"_chains":{"BX2kp9JULaXDez1QoiTGWwrG0GTeoXjZtlaMGA21ENFi":{"chainKey":{"counter":0,"key":"3HnSLFaun+8RFx8Jq9MiwK16iTJFn+XexV7KqL1jnqc="},"chainType":1,"messageKeys":{}}},"pendingPreKey":{"signedKeyId":7797879,"baseKey":"Bf/KvMsob6G98dQqrWz4rLqvbNcvFO6RLsoOZb98ijBP","preKeyId":10298747}}},"version":"v1"}