{"_sessions":{"BbsKmmYeP8XcU30oCN7Q7VPAvlUb7H5StUxl+IKDt9Ir":{"registrationId":1987939697,"currentRatchet":{"ephemeralKeyPair":{"pubKey":"BcRDvJaY4RRMzooLy9vKIImr+QFqjMNUumDSdQ6c465O","privKey":"ILsSWHZfBSbmd4mJrurj1/uLAcUxxAPRVxQPbQYtrX4="},"lastRemoteEphemeralKey":"BecEIoZyVpe/ZQhPqLmBEI9B53PMN3SYUjnmQgaSgQso","previousCounter":0,"rootKey":"SQCwNGgWixD5eKiTt1w9Dv72HeUDS89SlesBEpi6DR4="},"indexInfo":{"baseKey":"BbsKmmYeP8XcU30oCN7Q7VPAvlUb7H5StUxl+IKDt9Ir","baseKeyType":1,"closed":-1,"used":1769797748728,"created":1769797748728,"remoteIdentityKey":"BQcachTY5+potFHLoM8PVvyDcvjo5Kaw7PMbpr+ZMZoL"},"_chains":{"BcRDvJaY4RRMzooLy9vKIImr+QFqjMNUumDSdQ6c465O":{"chainKey":{"counter":0,"key":"OnRy3zxztZymPnKuf6fRsnrgJzxWf3fFd48riWbccuE="},"chainType":1,"messageKeys":{}}},"pendingPreKey":{"signedKeyId":11259543,"baseKey":"BbsKmmYeP8XcU30oCN7Q7VPAvlUb7H5StUxl+IKDt9Ir"}}},"version":"v1"}