{"_sessions":{"BXUNttctAnZFuS8WfvqjizZkNMtrW5Yo1Vy4e37nhhsO":{"registrationId":1122417004,"currentRatchet":{"ephemeralKeyPair":{"pubKey":"BcJfTgkgsQh1nqr5JznG54ZMZ2KilDFrlhdo/XN15tI2","privKey":"UBwSjJ844BIi8MgEbzkQpqMd5lv0hd5m0ntjGPjrPlo="},"lastRemoteEphemeralKey":"BZKA1LRHt994eDzonRjWIgBXsSzdq3HdXBHCz2YcumYN","previousCounter":0,"rootKey":"b+mecwRhXt3RGkso9LoGJZ75AJO44UDuMRp5gQE/q14="},"indexInfo":{"baseKey":"BXUNttctAnZFuS8WfvqjizZkNMtrW5Yo1Vy4e37nhhsO","baseKeyType":1,"closed":-1,"used":1769797748743,"created":1769797748743,"remoteIdentityKey":"Bc51sH89l9111n4/4JNj0ihQpS8UJxCZw5ghr1mrxf1o"},"_chains":{"BcJfTgkgsQh1nqr5JznG54ZMZ2KilDFrlhdo/XN15tI2":{"chainKey":{"counter":0,"key":"xkij1XvRJVE22lUyQFGvPfTxewcNqnfUny9qRQbRe1I="},"chainType":1,"messageKeys":{}}},"pendingPreKey":{"signedKeyId":11184920,"baseKey":"BXUNttctAnZFuS8WfvqjizZkNMtrW5Yo1Vy4e37nhhsO","preKeyId":4312907}}},"version":"v1"}