{"_sessions":{"BUw+dGIZso57rmvb5BdDLH0u1XQC4+173SuWdkcmE3hU":{"registrationId":422402726,"currentRatchet":{"ephemeralKeyPair":{"pubKey":"BSmELXDYa6T2PQDuN+TC+EEZ9pZAcIysKo0ltWf6Nv5X","privKey":"cGK9sid0ZgUhhNzwWjC/xVkpGKpO6n3vMDxtQ58j9V0="},"lastRemoteEphemeralKey":"BRM2Hr5XxcZMGjtI0jekHIjWr8rUHv5j/EO+e58cqEMr","previousCounter":0,"rootKey":"lCIeojf/PHR46JK/oCg8veQx6LW69mu0nIZwp9OfZHI="},"indexInfo":{"baseKey":"BUw+dGIZso57rmvb5BdDLH0u1XQC4+173SuWdkcmE3hU","baseKeyType":1,"closed":-1,"used":1769797748620,"created":1769797748620,"remoteIdentityKey":"BSf1ozbP2JyUiucfcMyOQDLYQr/mvt8Gwq2j5t254Fte"},"_chains":{"BSmELXDYa6T2PQDuN+TC+EEZ9pZAcIysKo0ltWf6Nv5X":{"chainKey":{"counter":0,"key":"TsjijGe1EsXkNOkHDgn9+HTzV22tSWKTCaDLpiOx4os="},"chainType":1,"messageKeys":{}}},"pendingPreKey":{"signedKeyId":57283,"baseKey":"BUw+dGIZso57rmvb5BdDLH0u1XQC4+173SuWdkcmE3hU","preKeyId":6619467}}},"version":"v1"}