{"_sessions":{"BbnIsWgZ+H5ZpCGU7efNbNzjy6Sl4QyfLMJiD1x4Pk9I":{"registrationId":167241935,"currentRatchet":{"ephemeralKeyPair":{"pubKey":"BbJiTlMrlxYZkAY3UMy10xiwNXZE0WAYCd8ovZxOoiYs","privKey":"wPBj2PGG9uAyT2RhqcsW3p19Xn6B8HfDUXDhb/dTL0U="},"lastRemoteEphemeralKey":"BRWg5o4rFmBoQZW8UdylctUzZvaYhYfERVi18pcVtdJd","previousCounter":0,"rootKey":"+IxvujcFXtvLfK+zHCrZDRXjBc0KAerFcMsjoW2goeY="},"indexInfo":{"baseKey":"BbnIsWgZ+H5ZpCGU7efNbNzjy6Sl4QyfLMJiD1x4Pk9I","baseKeyType":1,"closed":-1,"used":1769797749261,"created":1769797749261,"remoteIdentityKey":"BQqczmK7oyn5ydWOQrx/u7iBBwqzDxztUUpF3KN6h+Br"},"_chains":{"BbJiTlMrlxYZkAY3UMy10xiwNXZE0WAYCd8ovZxOoiYs":{"chainKey":{"counter":0,"key":"nztQsawiou2qXBcoEMvWhc6EripLU+rJkL67rWyjRj4="},"chainType":1,"messageKeys":{}}},"pendingPreKey":{"signedKeyId":13843843,"baseKey":"BbnIsWgZ+H5ZpCGU7efNbNzjy6Sl4QyfLMJiD1x4Pk9I","preKeyId":12857034}}},"version":"v1"}