{"_sessions":{"Bc2/7KrFRBbkG46fc/egloOIx48fwnf0HJ8xG8PWvAkC":{"registrationId":1311878103,"currentRatchet":{"ephemeralKeyPair":{"pubKey":"BV5FyOD7Nj0Su60YkqBbWgdQjOXSjJ+wIqYzeS+b4Toi","privKey":"sGV7mVX/nx/V3yqfXt3cP2H4/oRks3vZcoW2jDn3FmY="},"lastRemoteEphemeralKey":"BR9Jhlvjx0kzFPc0hZ9uT2811av4A5IBTCgQFbAOcCB+","previousCounter":0,"rootKey":"cy2/VdDjCQOWdmyobN/8sRBiI3UzjqazkIW9uk5T+QI="},"indexInfo":{"baseKey":"Bc2/7KrFRBbkG46fc/egloOIx48fwnf0HJ8xG8PWvAkC","baseKeyType":1,"closed":-1,"used":1769797749118,"created":1769797749118,"remoteIdentityKey":"BTk9HoIeVlGufI2Y0ad9DDZaQrwSAowqYac2T5dK4RwH"},"_chains":{"BV5FyOD7Nj0Su60YkqBbWgdQjOXSjJ+wIqYzeS+b4Toi":{"chainKey":{"counter":0,"key":"Adv+x/1ElpMQcITIvtRPgGQAWcZiuTldYybw/tNgw8c="},"chainType":1,"messageKeys":{}}},"pendingPreKey":{"signedKeyId":15640633,"baseKey":"Bc2/7KrFRBbkG46fc/egloOIx48fwnf0HJ8xG8PWvAkC","preKeyId":14181915}}},"version":"v1"}