{"_sessions":{"BbcX6pCH+hWszu1TVkQ46LOiNkvoKdp+BcHgx2bDv11e":{"registrationId":537518021,"currentRatchet":{"ephemeralKeyPair":{"pubKey":"BbJD/UoFkYa4pcixUpFoadTZ/otwVoK9qMhs6tHklOIh","privKey":"KIvWX0jHs0McepA0rfker8K+bxJHhhirNPOv1+57H0k="},"lastRemoteEphemeralKey":"BTUJ1Pn8meoh0ZazT0JhCNtOVXqcFj5LxwvwOaWGJClQ","previousCounter":0,"rootKey":"4uLemd1DE2KenCpE12m0AtbRSHAdgswWNczyIOnnFKc="},"indexInfo":{"baseKey":"BbcX6pCH+hWszu1TVkQ46LOiNkvoKdp+BcHgx2bDv11e","baseKeyType":1,"closed":-1,"used":1769797748589,"created":1769797748589,"remoteIdentityKey":"BfTGmNzgdqvSDsbd15cDABr6xve2smQwieu/FbGilnEH"},"_chains":{"BbJD/UoFkYa4pcixUpFoadTZ/otwVoK9qMhs6tHklOIh":{"chainKey":{"counter":0,"key":"Cd0ix2XP5O7YWgaJ8ULWEWF5Qm74EWn9t5rfknXLmi4="},"chainType":1,"messageKeys":{}}},"pendingPreKey":{"signedKeyId":8255924,"baseKey":"BbcX6pCH+hWszu1TVkQ46LOiNkvoKdp+BcHgx2bDv11e","preKeyId":6927532}}},"version":"v1"}