{"_sessions":{"BWLSrRdHhVZepGvl8OaFIUq7qfbJ54qCbGd6jybWM4kR":{"registrationId":988257565,"currentRatchet":{"ephemeralKeyPair":{"pubKey":"BVJJvcqzSCVDTRDRDjJUbqSAOEBZeL2QYsUjteKgYPd3","privKey":"4FZ72ggYP7ODEJWCZpdgmD8lLuiP+nl+26hmmXEPr3E="},"lastRemoteEphemeralKey":"BbEQbUa3rjVIVSdTl9RFkGS2BC/8U7HfSQsVmYRObON5","previousCounter":0,"rootKey":"k3UnVRlGyzLO/KIqvaZffXnbNrM5LMV2n5oSomT9Qas="},"indexInfo":{"baseKey":"BWLSrRdHhVZepGvl8OaFIUq7qfbJ54qCbGd6jybWM4kR","baseKeyType":1,"closed":-1,"used":1769797749110,"created":1769797749110,"remoteIdentityKey":"BX27Qhg1bNd6TMo+Gt2aIDth0gocgXeh5KjV8ooZ9b1U"},"_chains":{"BVJJvcqzSCVDTRDRDjJUbqSAOEBZeL2QYsUjteKgYPd3":{"chainKey":{"counter":0,"key":"WZ+nl5ZCtuRZzbAOx2tIQYabnN2HDvbeYAoV1calbWc="},"chainType":1,"messageKeys":{}}},"pendingPreKey":{"signedKeyId":11562951,"baseKey":"BWLSrRdHhVZepGvl8OaFIUq7qfbJ54qCbGd6jybWM4kR","preKeyId":3787169}}},"version":"v1"}