{"_sessions":{"BdqxDvbgKCT/j5Fw7pOv13jNqwhDEtCAfI04tBLq5JcI":{"registrationId":941544435,"currentRatchet":{"ephemeralKeyPair":{"pubKey":"BUcVW6Q/iJFdcKrmaMf9xPLRxTJCq5EhfFUe2h0jukJV","privKey":"4Ja9gdWzPKyqTmfc+TZbUcsaT0aDeFs7NCunlMaD/30="},"lastRemoteEphemeralKey":"Bf2VnUYD8Ru7/OsnNjqPXmWjk78/oMdyTi9l4DNrnUAq","previousCounter":0,"rootKey":"hnGr80rQcusgqNXTM86ciLKzVrZl3zimUuWvL5vqqsk="},"indexInfo":{"baseKey":"BdqxDvbgKCT/j5Fw7pOv13jNqwhDEtCAfI04tBLq5JcI","baseKeyType":1,"closed":-1,"used":1769797749432,"created":1769797749432,"remoteIdentityKey":"Bbduds+ZDWYMXq8W+qQ0AvTNuL7HDFsiTscGm45wmhhj"},"_chains":{"BUcVW6Q/iJFdcKrmaMf9xPLRxTJCq5EhfFUe2h0jukJV":{"chainKey":{"counter":0,"key":"MJsu7RjRocUYCQSv8gbUZ7wfdb/+YjzkJWkTAwsi+a0="},"chainType":1,"messageKeys":{}}},"pendingPreKey":{"signedKeyId":6003437,"baseKey":"BdqxDvbgKCT/j5Fw7pOv13jNqwhDEtCAfI04tBLq5JcI","preKeyId":5557531}}},"version":"v1"}