{"_sessions":{"BS3QVz9NvV3dMA7hcuhEgtJH8gcaCweGM7MQFgJmsxpd":{"registrationId":1323400722,"currentRatchet":{"ephemeralKeyPair":{"pubKey":"BXTvwkGiYblZoSHShSIzVXcNJQzRjDKB4QQDew8Mw/Ma","privKey":"kLxtn6QOIV2/vfNr8gtNgWkmq4MHwoBUPyw7x2hXnV0="},"lastRemoteEphemeralKey":"Bc6lD+w8ZYEX1D7nOwh72jPksH/pefuRPVvK81Lvaq84","previousCounter":0,"rootKey":"li13Xmeoh/EgTuPSFb1w7RuoiuL1a6QsKbPvnSjWE8E="},"indexInfo":{"baseKey":"BS3QVz9NvV3dMA7hcuhEgtJH8gcaCweGM7MQFgJmsxpd","baseKeyType":1,"closed":-1,"used":1769797749076,"created":1769797749076,"remoteIdentityKey":"BdSPREJvbOxDX5dFXhTAXntnp/9tpQE+u9Qu/CRa994A"},"_chains":{"BXTvwkGiYblZoSHShSIzVXcNJQzRjDKB4QQDew8Mw/Ma":{"chainKey":{"counter":0,"key":"393FoHDtQKWkgwna/VO3/uupDl+l7/qUnRGsnnLTkJE="},"chainType":1,"messageKeys":{}}},"pendingPreKey":{"signedKeyId":5815401,"baseKey":"BS3QVz9NvV3dMA7hcuhEgtJH8gcaCweGM7MQFgJmsxpd","preKeyId":9604431}}},"version":"v1"}