{"_sessions":{"BW9qG2+XeW+FNijulIkf9Z52VTEQ+QTJbVakC7EtqQ5N":{"registrationId":218,"currentRatchet":{"ephemeralKeyPair":{"pubKey":"BXe7IU2568Di47dDx1+t9VVT8c1o+z+fk8RwxLrfcgFR","privKey":"MHC8F1SayzuDvKTRRhOSCJt588/SRpHFqm9ODqHGknI="},"lastRemoteEphemeralKey":"BUT9EgpdVpkEGghOKsPKHjIgOdawxXPNbvKfu9s4cVEh","previousCounter":0,"rootKey":"qrXuu3Vny5/NScD1Mvyci4qskcMQVvxpn2foGWVka/M="},"indexInfo":{"baseKey":"BW9qG2+XeW+FNijulIkf9Z52VTEQ+QTJbVakC7EtqQ5N","baseKeyType":1,"closed":-1,"used":1769789755523,"created":1769789755523,"remoteIdentityKey":"BbSvUwQVu/mYzfGThSHzWxnEHruKDpFTDgFBQnGB71pK"},"_chains":{"BXe7IU2568Di47dDx1+t9VVT8c1o+z+fk8RwxLrfcgFR":{"chainKey":{"counter":0,"key":"XAcgVOMyW/0yew23xReheklh0B6qQCZl/3j29fH9bs8="},"chainType":1,"messageKeys":{}}},"pendingPreKey":{"signedKeyId":1,"baseKey":"BW9qG2+XeW+FNijulIkf9Z52VTEQ+QTJbVakC7EtqQ5N"}}},"version":"v1"}