{"_sessions":{"BeW7aKT6qOeuhcAanwe1e/EqWpcOk7++Al0KzkE6ZDQA":{"registrationId":579082373,"currentRatchet":{"ephemeralKeyPair":{"pubKey":"Be55UhVWPAhyFC36nYoY/X0QJKw74vj3UkiHApE0MmF6","privKey":"GMoDPljTlUPKbeFbjBaiwWaZfuOCGW2uc38sZVt/anQ="},"lastRemoteEphemeralKey":"BUP36/fZVxxFK2/1+QonC8+E3xaf4Q118B7RCxMnOVVK","previousCounter":0,"rootKey":"b/9HajtKMkHvvJqs5P07eMWnf6j9OBW509w0fKZMkd0="},"indexInfo":{"baseKey":"BeW7aKT6qOeuhcAanwe1e/EqWpcOk7++Al0KzkE6ZDQA","baseKeyType":1,"closed":-1,"used":1769797748884,"created":1769797748884,"remoteIdentityKey":"BVRhmvHjKosvQ/KRzKQwEakumv1I9Niecvr+LNTFaadM"},"_chains":{"Be55UhVWPAhyFC36nYoY/X0QJKw74vj3UkiHApE0MmF6":{"chainKey":{"counter":0,"key":"r1SiclLASQAzU3Myry3n5OKhW+m91bf5kGH62i+g+kM="},"chainType":1,"messageKeys":{}}},"pendingPreKey":{"signedKeyId":11082173,"baseKey":"BeW7aKT6qOeuhcAanwe1e/EqWpcOk7++Al0KzkE6ZDQA","preKeyId":617748}}},"version":"v1"}