{"_sessions":{"BVt4B/EmXcXFXyoxMGCkFLDPJLvd8feJGjKJqCE0O0Qw":{"registrationId":717881848,"currentRatchet":{"ephemeralKeyPair":{"pubKey":"BVpVJWWPQ5I3TxCLdofBEFE3LqC+156XzMaflyeMg653","privKey":"GB4gnvJugiswcyKR1BTEgaCRaJOJKULNmAr3xJB/hWA="},"lastRemoteEphemeralKey":"BfZNF6PmAsVOaWD7gRAZ7CznibtXNbLGDY2OjMnwIHA1","previousCounter":0,"rootKey":"vCTDTp+c5pWZJBoQy9EeZ6qVOCru9Yln4O9XmESOulk="},"indexInfo":{"baseKey":"BVt4B/EmXcXFXyoxMGCkFLDPJLvd8feJGjKJqCE0O0Qw","baseKeyType":1,"closed":-1,"used":1769797749313,"created":1769797749313,"remoteIdentityKey":"BXc28uOQ21gpE3BZle9/enx0e12yyO/RIWWvUDaKG2F8"},"_chains":{"BVpVJWWPQ5I3TxCLdofBEFE3LqC+156XzMaflyeMg653":{"chainKey":{"counter":0,"key":"4nDTVNiSDIjSUedDoM0SNLHvvioIrLlkfUQPaBQdTW4="},"chainType":1,"messageKeys":{}}},"pendingPreKey":{"signedKeyId":16113350,"baseKey":"BVt4B/EmXcXFXyoxMGCkFLDPJLvd8feJGjKJqCE0O0Qw","preKeyId":15705178}}},"version":"v1"}