{"_sessions":{"BYRmY+QPSUSTUhLIhVPzPMoe/Doo1jVSwOoVjHE//30K":{"registrationId":151,"currentRatchet":{"ephemeralKeyPair":{"pubKey":"BQYzhBVqsGqO6EUpgevWGUWvc6Chwxuvc/m7Ql4Qj7EZ","privKey":"QKKrNxx/c1+dSqSzrBOfx8v3qsSrOPeu8VAiIr7iDUM="},"lastRemoteEphemeralKey":"Bdh06Z1WXRjy7R0r9AJz2aR2ECyBWxQ0FgeYb0NXj+4Q","previousCounter":0,"rootKey":"BkeL/ZInLT0B8byweAoNk3+qt2jhxPduFwNITM3UGb4="},"indexInfo":{"baseKey":"BYRmY+QPSUSTUhLIhVPzPMoe/Doo1jVSwOoVjHE//30K","baseKeyType":2,"closed":-1,"used":1769797745493,"created":1769797745493,"remoteIdentityKey":"BUwIeONgs3beVQCxU8kPO/hAVNlUTCnMLCUoaXkKQ5U2"},"_chains":{"Bdh06Z1WXRjy7R0r9AJz2aR2ECyBWxQ0FgeYb0NXj+4Q":{"chainKey":{"counter":0,"key":"AQA2FYz1UFkzs7StYFwcb3aNiLP/ycWjomE3wzwpi2c="},"chainType":2,"messageKeys":{}},"BQYzhBVqsGqO6EUpgevWGUWvc6Chwxuvc/m7Ql4Qj7EZ":{"chainKey":{"counter":0,"key":"+WA1wTLuusmMU/3Yf//nShf5An6lCCiO3iC2wmvjdU0="},"chainType":1,"messageKeys":{}}}}},"version":"v1"}