{"_sessions":{"Bfroo1zpidWxw8bq9WPZXBoF94JKt8nYG1/0ABG4MFsI":{"registrationId":1579080122,"currentRatchet":{"ephemeralKeyPair":{"pubKey":"Bd+yTxYAP3DDdAmBJA1T7grMtpwSzdTK82HMomyoxiVN","privKey":"yBB15s6xi73cuCe7aGECwsBJKvfL8fxVkD6okbKOKWs="},"lastRemoteEphemeralKey":"BUEsGBo43+BVyA9bbDyyoUDC+n6Br4VpuwhQ3+xfWTBE","previousCounter":0,"rootKey":"2u/VxJ2Ugs3lOVOGUJrEbxjcqn52VSx6sIAF6CVzUow="},"indexInfo":{"baseKey":"Bfroo1zpidWxw8bq9WPZXBoF94JKt8nYG1/0ABG4MFsI","baseKeyType":1,"closed":-1,"used":1769789755469,"created":1769789755469,"remoteIdentityKey":"BbuGEdV4p8UqE83kqW1D73BDQ+4XnBY2EP4dyh7kR2p7"},"_chains":{"Bd+yTxYAP3DDdAmBJA1T7grMtpwSzdTK82HMomyoxiVN":{"chainKey":{"counter":0,"key":"Hr0q0NOKIO6cOJmN49toBNbCrgn6BHivWk/jjOQ3m9c="},"chainType":1,"messageKeys":{}}},"pendingPreKey":{"signedKeyId":8859038,"baseKey":"Bfroo1zpidWxw8bq9WPZXBoF94JKt8nYG1/0ABG4MFsI"}}},"version":"v1"}