{"_sessions":{"BRGXUXZt/odq+7U/rxTrNAzLd0mvJWL0Yew/PblHF9M4":{"registrationId":1477005384,"currentRatchet":{"ephemeralKeyPair":{"pubKey":"Bee4zaLNaGii5QoR+Dv/2CLU8E7hLjqDWl/k8uMz4ztP","privKey":"YF1phys8YChDT968jBFlAMphU+IhYqyhUV2tViQf70o="},"lastRemoteEphemeralKey":"BQrE4Q3fDVz04Q5GO4mXR1YZPwAwtv7i3buUPGvaJjkd","previousCounter":0,"rootKey":"TiQGrBNgc/l77IBZ5KsbWBn89BMKaVWUPRB49uCY+ww="},"indexInfo":{"baseKey":"BRGXUXZt/odq+7U/rxTrNAzLd0mvJWL0Yew/PblHF9M4","baseKeyType":1,"closed":-1,"used":1769797748492,"created":1769797748492,"remoteIdentityKey":"BXGD/H/HaDxG2F3dJZjm+a1xC3Vy63dyoHGVvNLhMhU6"},"_chains":{"Bee4zaLNaGii5QoR+Dv/2CLU8E7hLjqDWl/k8uMz4ztP":{"chainKey":{"counter":0,"key":"n7u/3lHkbZsjUnBZOTMPZRrkYcJ5N+Sili41KH4KNSY="},"chainType":1,"messageKeys":{}}},"pendingPreKey":{"signedKeyId":14083585,"baseKey":"BRGXUXZt/odq+7U/rxTrNAzLd0mvJWL0Yew/PblHF9M4","preKeyId":7238280}}},"version":"v1"}