{"_sessions":{"BeUBrSatF0kGpYpwBlepaQmRM4Utz5j5ehWxlprxNAg2":{"registrationId":6099,"currentRatchet":{"ephemeralKeyPair":{"pubKey":"Bcu8BGDD9FcJUt0sF1ZTwMqAcWpkvliU4+Yb9IixIiJO","privKey":"kASiYDLYtwc6lrMqJktYj1VoqIBg6VQadS9GWxD4+XQ="},"lastRemoteEphemeralKey":"BYsbUoMn64Tx1hqsSlvJJZcstTTZ9EI8S+AmrFe7VDwH","previousCounter":0,"rootKey":"1y8RH/x9P8nbIwk1xvUaVY1W6wLWSBR2TlhG1OJ5CEA="},"indexInfo":{"baseKey":"BeUBrSatF0kGpYpwBlepaQmRM4Utz5j5ehWxlprxNAg2","baseKeyType":1,"closed":-1,"used":1769797749659,"created":1769797749659,"remoteIdentityKey":"BZwNKhSWOU07r+Xi3Kew333gf0ZejUfgDN/rhaeGf4QD"},"_chains":{"Bcu8BGDD9FcJUt0sF1ZTwMqAcWpkvliU4+Yb9IixIiJO":{"chainKey":{"counter":0,"key":"jIvAwfHxki3pYZEWnmshr14d0dZ2qO/kIWeE9etu4T4="},"chainType":1,"messageKeys":{}}},"pendingPreKey":{"signedKeyId":1,"baseKey":"BeUBrSatF0kGpYpwBlepaQmRM4Utz5j5ehWxlprxNAg2","preKeyId":171}}},"version":"v1"}