{"_sessions":{"BS+aNnv3BF7DxMOk68r1NQCUQNBFUkyt7l0HiL8toG0I":{"registrationId":413951312,"currentRatchet":{"ephemeralKeyPair":{"pubKey":"BR91td7wl97XxQ53r3MjRnJoQlwXtlucjtUpD9fm8KVZ","privKey":"ODzZ+DdW7yK8qMYfFlhE2M06WQb6kFLFguhYy9q0r30="},"lastRemoteEphemeralKey":"BWy8692G9DO3BAm05/z60us5LLIc18+R8ctRTGb4s1pF","previousCounter":0,"rootKey":"DHcIGpBUkB8Tu9pUR0H5WoAbuppnaZSEjt/B4IeybLg="},"indexInfo":{"baseKey":"BS+aNnv3BF7DxMOk68r1NQCUQNBFUkyt7l0HiL8toG0I","baseKeyType":1,"closed":-1,"used":1769797749504,"created":1769797749504,"remoteIdentityKey":"BT90MJr4okrBpOkXIf8XTyM6S8/VQnXTj7vFHO0ngPlS"},"_chains":{"BR91td7wl97XxQ53r3MjRnJoQlwXtlucjtUpD9fm8KVZ":{"chainKey":{"counter":0,"key":"7qvsy+6tGhr2UaNbh2pd+yXScthxzcIjY9TfE8oH578="},"chainType":1,"messageKeys":{}}},"pendingPreKey":{"signedKeyId":14869258,"baseKey":"BS+aNnv3BF7DxMOk68r1NQCUQNBFUkyt7l0HiL8toG0I"}}},"version":"v1"}