{"_sessions":{"BTnGMwQTNXUYosAXytW6DZkO2yYMntoZAW9WncQjAWx+":{"registrationId":242909166,"currentRatchet":{"ephemeralKeyPair":{"pubKey":"Bc4WZUj8fJf4BjGQlzMsGH+TsK3L08S3HWtzcVW3x714","privKey":"EOn4ebbX01h3qnaD9O+ssqWgFgxURXY5g828lYd74mY="},"lastRemoteEphemeralKey":"BeOIFNAEAQyftwhtgEDcjxa+nej6Dk3qW9jY8lRTf1YS","previousCounter":0,"rootKey":"HUs8gJYoyURvss78LWa2kJl1cBXKAbjHgWuFpoJf1YU="},"indexInfo":{"baseKey":"BTnGMwQTNXUYosAXytW6DZkO2yYMntoZAW9WncQjAWx+","baseKeyType":1,"closed":-1,"used":1769797749556,"created":1769797749556,"remoteIdentityKey":"Bb7X+e5S5iGxEfP6Jz7Zm9g31JcHcm+EcBuXxI2iuwAS"},"_chains":{"Bc4WZUj8fJf4BjGQlzMsGH+TsK3L08S3HWtzcVW3x714":{"chainKey":{"counter":0,"key":"IiAoVRSMmLB0axTKp9MS1J0TiNU0tjW9JgA48HG0BQM="},"chainType":1,"messageKeys":{}}},"pendingPreKey":{"signedKeyId":7096472,"baseKey":"BTnGMwQTNXUYosAXytW6DZkO2yYMntoZAW9WncQjAWx+","preKeyId":3678809}}},"version":"v1"}