{"_sessions":{"BdKkbJUG8eXhoCGfYpHzQX3Bk394E0yxixyFzQ/a02ky":{"registrationId":122,"currentRatchet":{"ephemeralKeyPair":{"pubKey":"BVJ4jedTj+TyflVX01Gey+gNUyPecebyg5FAJOLpp8xq","privKey":"WELzkXipO3EH1ZiUTzImVfVFiQrA2pSXeE2Qma1hjlo="},"lastRemoteEphemeralKey":"BTKYeYkrSHjUGZax+iMmg+5HlIDt50NhSggH2TcBH5V+","previousCounter":0,"rootKey":"scwhVIaB0O1HeNFYytH5n/EzoyX3bmlUvo2qqw41Hos="},"indexInfo":{"baseKey":"BdKkbJUG8eXhoCGfYpHzQX3Bk394E0yxixyFzQ/a02ky","baseKeyType":1,"closed":-1,"used":1769797749640,"created":1769797749640,"remoteIdentityKey":"BVfylJksl+IKxD9OrOIRDN1GR8zZvU2g1/2Nv/5zKEUL"},"_chains":{"BVJ4jedTj+TyflVX01Gey+gNUyPecebyg5FAJOLpp8xq":{"chainKey":{"counter":0,"key":"dnqadNCJR/9mBNKl7Ga8Gi8ThisdhxnPwJOwIq7W/M4="},"chainType":1,"messageKeys":{}}},"pendingPreKey":{"signedKeyId":1,"baseKey":"BdKkbJUG8eXhoCGfYpHzQX3Bk394E0yxixyFzQ/a02ky","preKeyId":433}}},"version":"v1"}