{"_sessions":{"BRu/+wBhlZlJAAAtsyOwRWrj0dBytcuorUzGTKihuZtl":{"registrationId":1522921425,"currentRatchet":{"ephemeralKeyPair":{"pubKey":"BQRn+lJYaza4IPh25y2CGIEDYVS+6H86U2RDYn5nqYkq","privKey":"iIKUgO37czcj3jRXh0L9hOeE7nN6CckUusCsZnILfH0="},"lastRemoteEphemeralKey":"BfLztwOV+XXwIyF9+6kDQ2qYCl7tEDpLsaHRE2J0D8ke","previousCounter":0,"rootKey":"s/Cp+3B2Rleb62JShILjuEHAukQ8VLTCsCKPfR04coQ="},"indexInfo":{"baseKey":"BRu/+wBhlZlJAAAtsyOwRWrj0dBytcuorUzGTKihuZtl","baseKeyType":1,"closed":1769789827712,"used":1769789806657,"created":1769789755486,"remoteIdentityKey":"BfIcOsoix5UZ2tIGph9ss3kV8icYHfx7RjFFdbq+eD1S"},"_chains":{"BfLztwOV+XXwIyF9+6kDQ2qYCl7tEDpLsaHRE2J0D8ke":{"chainKey":{"counter":1,"key":"GdH1TOX2TcJS/c0ODit14LqeR2VFLRFCx0AoQcxz9kc="},"chainType":2,"messageKeys":{}},"BQRn+lJYaza4IPh25y2CGIEDYVS+6H86U2RDYn5nqYkq":{"chainKey":{"counter":-1,"key":"omUse7QVwNJ9ZvvPNXV7xK8sD6gLh5J0/9CAYpMoJjY="},"chainType":1,"messageKeys":{}}}},"BRia0I0SfAW16XMI54Zb2MJL6IxD5tZ4Fml3Rp8uqup5":{"registrationId":1522921425,"currentRatchet":{"ephemeralKeyPair":{"pubKey":"BbcijPeIoO8B3R9KDdA39O9zVfbjYtdWFGTDEPiH3Ohw","privKey":"AGDfveLt0cMDP6R9zLnvpOhe92fo76w4zlyMcc5HKGY="},"lastRemoteEphemeralKey":"Bfd2sh7pxA85GvEu2MOT8beXXIxNaVKxH5btbhXy+5tS","previousCounter":0,"rootKey":"LLte1NfL/SuNl8iUU0h2jvkOWyO3nGx0n8zTFaMJVsA="},"indexInfo":{"baseKey":"BRia0I0SfAW16XMI54Zb2MJL6IxD5tZ4Fml3Rp8uqup5","baseKeyType":2,"closed":1769789855705,"used":1769789827727,"created":1769789827727,"remoteIdentityKey":"BfIcOsoix5UZ2tIGph9ss3kV8icYHfx7RjFFdbq+eD1S"},"_chains":{"Bfd2sh7pxA85GvEu2MOT8beXXIxNaVKxH5btbhXy+5tS":{"chainKey":{"counter":0,"key":"Y9GCmRElJtbBr9woy6B0RR/qpTK2m1xSgzmAa6gkxWQ="},"chainType":2,"messageKeys":{}},"BbcijPeIoO8B3R9KDdA39O9zVfbjYtdWFGTDEPiH3Ohw":{"chainKey":{"counter":-1,"key":"8O2usfJnK15X/zrN1UQSIDeOvNm/VRzOX1RNa/fVSRY="},"chainType":1,"messageKeys":{}}}},"BV0t1yAnMsQrXo2O+OZL1mglP5a1vDYyoryGtSJovrk0":{"registrationId":1522921425,"currentRatchet":{"ephemeralKeyPair":{"pubKey":"BX2xtAEjqGL/ArsNfHgFGeOWQV070Oz/fpbzhg+VigBd","privKey":"+PpM0ExIjBtVe+D+FzgZs7ko1k+8XwX0D3BgNdu3/Vk="},"lastRemoteEphemeralKey":"BSnjjnkdnLtRVpdWAwbEc1eA8ClQfaBuYGNjVrv5zcA1","previousCounter":0,"rootKey":"LDoBIGvYgDl6bJAs6k0X/2J1hW2e1vHSc7A6moKyVqY="},"indexInfo":{"baseKey":"BV0t1yAnMsQrXo2O+OZL1mglP5a1vDYyoryGtSJovrk0","baseKeyType":2,"closed":1769789903991,"used":1769789855719,"created":1769789855719,"remoteIdentityKey":"BfIcOsoix5UZ2tIGph9ss3kV8icYHfx7RjFFdbq+eD1S"},"_chains":{"BSnjjnkdnLtRVpdWAwbEc1eA8ClQfaBuYGNjVrv5zcA1":{"chainKey":{"counter":1,"key":"MK6jCI+QyNOXN1hCoQPgSD1LEJjjF62YrXZ23owA0YI="},"chainType":2,"messageKeys":{}},"BX2xtAEjqGL/ArsNfHgFGeOWQV070Oz/fpbzhg+VigBd":{"chainKey":{"counter":-1,"key":"9zX/hctN/1dLkOwBL4A2OINwZnzGbQyFTNJcjk/6WJI="},"chainType":1,"messageKeys":{}}}},"BdqXGCOYEiLPAfS9Fj9pjRT7++Ff2q+8SAGItiFE8vkK":{"registrationId":1522921425,"currentRatchet":{"ephemeralKeyPair":{"pubKey":"BcVcpZxKG2/0od6iG6BnAG7Wlz3k013H4SoDCRldtEZa","privKey":"aB2LNTCuEZKzRwJVAJhwjUd8gqH/t315JYc+xNHNSEs="},"lastRemoteEphemeralKey":"BW+vb+DB7Utc/pH9y0I5DdXHGZxVeo9qIf90en4ohXsT","previousCounter":0,"rootKey":"j3uGpxUV6c+i23sQ9d3BEg5a1eE6yGDLiiEKR92q4Qk="},"indexInfo":{"baseKey":"BdqXGCOYEiLPAfS9Fj9pjRT7++Ff2q+8SAGItiFE8vkK","baseKeyType":2,"closed":1769789937490,"used":1769789904003,"created":1769789904003,"remoteIdentityKey":"BfIcOsoix5UZ2tIGph9ss3kV8icYHfx7RjFFdbq+eD1S"},"_chains":{"BW+vb+DB7Utc/pH9y0I5DdXHGZxVeo9qIf90en4ohXsT":{"chainKey":{"counter":1,"key":"mkBAAv9/hME3G8gyxiPfaS9v/Jnld53CwEJPhxF4CL0="},"chainType":2,"messageKeys":{}},"BcVcpZxKG2/0od6iG6BnAG7Wlz3k013H4SoDCRldtEZa":{"chainKey":{"counter":-1,"key":"SdDjerWLiVFWaCzvBKQvVSLOMSW837GRluAbHzqhj2I="},"chainType":1,"messageKeys":{}}}},"BYfGaEu0Ii6EeeRCr/Tn6YJOwUeSrd746BXYWmP1luY3":{"registrationId":1522921425,"currentRatchet":{"ephemeralKeyPair":{"pubKey":"BRIVaMLvnIBeGaieJC6rNcMHjpoBV6UdiMeAPYzZIrhT","privKey":"6Iu9M7wnmoZEdfRY2dZuBib4ZI+rPTCTrMqek/CdtHw="},"lastRemoteEphemeralKey":"BT//fPEXVs9/ZX7oz0cBRuS99dSsz8wg17M6pkhkHOEZ","previousCounter":0,"rootKey":"9PjjLXwcq6E8jqh7YenHg9uFhahTLWZ09P7xV+k/pEw="},"indexInfo":{"baseKey":"BYfGaEu0Ii6EeeRCr/Tn6YJOwUeSrd746BXYWmP1luY3","baseKeyType":2,"closed":1769789976510,"used":1769789937502,"created":1769789937502,"remoteIdentityKey":"BfIcOsoix5UZ2tIGph9ss3kV8icYHfx7RjFFdbq+eD1S"},"_chains":{"BT//fPEXVs9/ZX7oz0cBRuS99dSsz8wg17M6pkhkHOEZ":{"chainKey":{"counter":0,"key":"CLdov8lqKPkYc2utcgIS5sbIaFApmOzVMogNDzNPMrw="},"chainType":2,"messageKeys":{}},"BRIVaMLvnIBeGaieJC6rNcMHjpoBV6UdiMeAPYzZIrhT":{"chainKey":{"counter":-1,"key":"CZaGr9kjDr0qcEN9gmTKyE67HgkXCn0Kv4z0Gi8g448="},"chainType":1,"messageKeys":{}}}},"BeYTkQSMeE1/i8n1dzoNumVmpKNmxwj+3U4sd8h+8SA2":{"registrationId":1522921425,"currentRatchet":{"ephemeralKeyPair":{"pubKey":"BaW8TvPoR6SvtKzxhe7TZGlq+KMRwb1XxbEel11EIKQg","privKey":"GBPkxbcwIX7CQy3K0jSkU/Cpq7eDaLt8LmxsV6kXb0w="},"lastRemoteEphemeralKey":"BXnBvLsSt8aGrNWz1/mY4vU/R0JNOYnwb7jvsPf3tEht","previousCounter":0,"rootKey":"Lt7GxHxIPkIpHq+0M2kvyjEIk2y0v3ttFk9M09x9Dok="},"indexInfo":{"baseKey":"BeYTkQSMeE1/i8n1dzoNumVmpKNmxwj+3U4sd8h+8SA2","baseKeyType":2,"closed":1769790186358,"used":1769789976523,"created":1769789976523,"remoteIdentityKey":"BfIcOsoix5UZ2tIGph9ss3kV8icYHfx7RjFFdbq+eD1S"},"_chains":{"BXnBvLsSt8aGrNWz1/mY4vU/R0JNOYnwb7jvsPf3tEht":{"chainKey":{"counter":0,"key":"xzuAa7bFFOUPbETYbWCOoquPRRpxqCWGyilzsGWrp+8="},"chainType":2,"messageKeys":{}},"BaW8TvPoR6SvtKzxhe7TZGlq+KMRwb1XxbEel11EIKQg":{"chainKey":{"counter":-1,"key":"wbKL/2braNPPZYHM/7/sH6vp09ANlTNxWLHQQ+yAoQE="},"chainType":1,"messageKeys":{}}}},"BS9oAyTa8h2Ue+ChtDHVJtewXzVywiObPM+0tjmteucC":{"registrationId":1522921425,"currentRatchet":{"ephemeralKeyPair":{"pubKey":"Bbf6ke67fsx8wQMlRSdhRGmJ1NiTTTch8QmnAS/y1dEI","privKey":"2Gy8UvjZqUCYDsH9VXBo3eDWJk+GBMzJfxgLim+gYX0="},"lastRemoteEphemeralKey":"BbYnNvAlLOnwbFtH9ipYjESaJazCy7qCfiSnvI1bfXVq","previousCounter":0,"rootKey":"tFCVkmylvaIFKVKgMcSnyeSl+DAkDjKadv7QpAa0wPQ="},"indexInfo":{"baseKey":"BS9oAyTa8h2Ue+ChtDHVJtewXzVywiObPM+0tjmteucC","baseKeyType":2,"closed":1769790280780,"used":1769790186371,"created":1769790186371,"remoteIdentityKey":"BfIcOsoix5UZ2tIGph9ss3kV8icYHfx7RjFFdbq+eD1S"},"_chains":{"BbYnNvAlLOnwbFtH9ipYjESaJazCy7qCfiSnvI1bfXVq":{"chainKey":{"counter":0,"key":"45/cxgE+57K3F/79ma4q6d7p0TzPWF6ZEOcZvG2oOew="},"chainType":2,"messageKeys":{}},"Bbf6ke67fsx8wQMlRSdhRGmJ1NiTTTch8QmnAS/y1dEI":{"chainKey":{"counter":-1,"key":"rm/QuKM49npUOWgC6zvf0pNnNq5UhMchndmRmpbUmyA="},"chainType":1,"messageKeys":{}}}},"BfKymtPUSYtyMHmhhbEIpbhC+mxwp5hlXfL6OK/JSDkJ":{"registrationId":1522921425,"currentRatchet":{"ephemeralKeyPair":{"pubKey":"BfsPFCB2tuOf8mJLZ3pBEiqBt4UrlZl5X2UT2tXXCwwJ","privKey":"YAj7ikvncermVdrws8KXwaIeO8Gydp5cviAeGkbKGGc="},"lastRemoteEphemeralKey":"BX99ZwAf2Q6zNwquc2M7oWwpWzuDO9p4LsMMVCfBzGhQ","previousCounter":0,"rootKey":"Z0spaSQUV9gDNV0MoX6D/zods1RhGUbpuarpafu26ac="},"indexInfo":{"baseKey":"BfKymtPUSYtyMHmhhbEIpbhC+mxwp5hlXfL6OK/JSDkJ","baseKeyType":2,"closed":1769794787293,"used":1769790280792,"created":1769790280792,"remoteIdentityKey":"BfIcOsoix5UZ2tIGph9ss3kV8icYHfx7RjFFdbq+eD1S"},"_chains":{"BX99ZwAf2Q6zNwquc2M7oWwpWzuDO9p4LsMMVCfBzGhQ":{"chainKey":{"counter":0,"key":"JffeE1O30hpjBUIDq9zw7k/UzbROFXO9BAVpvzjq53Q="},"chainType":2,"messageKeys":{}},"BfsPFCB2tuOf8mJLZ3pBEiqBt4UrlZl5X2UT2tXXCwwJ":{"chainKey":{"counter":-1,"key":"iDDTqbsFE7Vsxor1R90SGuYQqEUAynKAkOw/EswAi9I="},"chainType":1,"messageKeys":{}}}},"BUW7OEkn8laUbSsumws97Nc2cQZpG+mv8ZDK9eZ5Euge":{"registrationId":1522921425,"currentRatchet":{"ephemeralKeyPair":{"pubKey":"BV41lUjwdCpFQX9wmHWI1JJNvqzdTcCdSqMmBncZ2Q9D","privKey":"SFGxuSA5D8AjV2BrW5byQ5o5jvAVZ2YeRuHrVcMk8UM="},"lastRemoteEphemeralKey":"BX4ZEma0/oVLQIqmUTxpvWsXHn03IkMYAYo/oDYD074A","previousCounter":0,"rootKey":"A89T9zsJXg+Sx258jOsoe2fELOjtwL+C1IX0RGaWyks="},"indexInfo":{"baseKey":"BUW7OEkn8laUbSsumws97Nc2cQZpG+mv8ZDK9eZ5Euge","baseKeyType":2,"closed":1769794816487,"used":1769794787310,"created":1769794787310,"remoteIdentityKey":"BfIcOsoix5UZ2tIGph9ss3kV8icYHfx7RjFFdbq+eD1S"},"_chains":{"BX4ZEma0/oVLQIqmUTxpvWsXHn03IkMYAYo/oDYD074A":{"chainKey":{"counter":0,"key":"/DcYq36lB+nfd5ahgWojaEmVhVDnInW8HXh88kyoN10="},"chainType":2,"messageKeys":{}},"BV41lUjwdCpFQX9wmHWI1JJNvqzdTcCdSqMmBncZ2Q9D":{"chainKey":{"counter":-1,"key":"hvG2PrFlTZhEza8EBz0PLXDyWRxvrN5zDG8l4aSu5Zw="},"chainType":1,"messageKeys":{}}}},"BVusdazyqAXG7kpMS++uk0LQiexKVSdWsfhPUySv82w6":{"registrationId":1522921425,"currentRatchet":{"ephemeralKeyPair":{"pubKey":"BUed/mkbzZoK1ynZ1cZ/ludaiu7kO6vaHpfjovb+zwBh","privKey":"IKIeDRd3XNwY7OM4ku8bWoyKhRqMYyGaqEHDpRxfzXA="},"lastRemoteEphemeralKey":"BbOCkKL4f+XYP3bcaH8/SCbiLrPlHz1NtAnsdigSCnV1","previousCounter":0,"rootKey":"7EFD/ftD3YnB8QngcWEnAg6X/LFurSl6Tj1SwFNTr6Y="},"indexInfo":{"baseKey":"BVusdazyqAXG7kpMS++uk0LQiexKVSdWsfhPUySv82w6","baseKeyType":2,"closed":1769821125407,"used":1769794816498,"created":1769794816498,"remoteIdentityKey":"BfIcOsoix5UZ2tIGph9ss3kV8icYHfx7RjFFdbq+eD1S"},"_chains":{"BbOCkKL4f+XYP3bcaH8/SCbiLrPlHz1NtAnsdigSCnV1":{"chainKey":{"counter":0,"key":"e2SVTKeQgxYzWd5aRY/JQGa8iNiNECdgQ6fzP2qGCdk="},"chainType":2,"messageKeys":{}},"BUed/mkbzZoK1ynZ1cZ/ludaiu7kO6vaHpfjovb+zwBh":{"chainKey":{"counter":0,"key":"MITXuPK9xUc2cn3R7Qsh8792uQOUnQ7+CACrn7JeCoA="},"chainType":1,"messageKeys":{}}}},"Be3OAZbUPol6VoparrRvRbWsYyVfvVpqTiEf4WMHTIht":{"registrationId":1522921425,"currentRatchet":{"ephemeralKeyPair":{"pubKey":"BTJOPbbJhoa3xC01NZHxrs3iopBAUVlHZO4Kyl3fBYcl","privKey":"oNa8LYHgkWa80SCyS5h7H2knqfT8St9ZWJcbuCe4ZGU="},"lastRemoteEphemeralKey":"BdlExZurC05zzADLCrk8GAE8F9cjR8uhKRrtoBITlbIA","previousCounter":0,"rootKey":"ysD4DuP7pnC1BqgprrfSFa8DU5GWpkTmQ7wAaTM+J8I="},"indexInfo":{"baseKey":"Be3OAZbUPol6VoparrRvRbWsYyVfvVpqTiEf4WMHTIht","baseKeyType":2,"closed":1769821232190,"used":1769821125421,"created":1769821125421,"remoteIdentityKey":"BfIcOsoix5UZ2tIGph9ss3kV8icYHfx7RjFFdbq+eD1S"},"_chains":{"BdlExZurC05zzADLCrk8GAE8F9cjR8uhKRrtoBITlbIA":{"chainKey":{"counter":0,"key":"L7lrAfpc8GaC/74f2iRxQp0jJgBPVlyv+IWw+nqkXUM="},"chainType":2,"messageKeys":{}},"BTJOPbbJhoa3xC01NZHxrs3iopBAUVlHZO4Kyl3fBYcl":{"chainKey":{"counter":-1,"key":"lbK1TI8HxUxAZmXF+t18spWX2XZ/828ZUutQ9bnUk24="},"chainType":1,"messageKeys":{}}}},"BaQvmp8pRVZcJe+HscslxKUp+CQ7CLz98dE83kco5yoT":{"registrationId":1522921425,"currentRatchet":{"ephemeralKeyPair":{"pubKey":"BXhTV23SZsAZC3DF3ct6xyhPzbBrkS9Mh/5L70bFmRRM","privKey":"cJKTs6VoxJZSlSwe6GpWxiJebWJPt1212MU8aXGpLX8="},"lastRemoteEphemeralKey":"BcvDVVcBgZeF+04zscmLet8rRZgNIv05covjD/4+4FdM","previousCounter":0,"rootKey":"uvwxiJ0YwH/zH+PHLMXtnHhaKcvXx6PJwkwju/mP4M0="},"indexInfo":{"baseKey":"BaQvmp8pRVZcJe+HscslxKUp+CQ7CLz98dE83kco5yoT","baseKeyType":2,"closed":1769821234516,"used":1769821232204,"created":1769821232204,"remoteIdentityKey":"BfIcOsoix5UZ2tIGph9ss3kV8icYHfx7RjFFdbq+eD1S"},"_chains":{"BcvDVVcBgZeF+04zscmLet8rRZgNIv05covjD/4+4FdM":{"chainKey":{"counter":0,"key":"Il9zolpF8wV3WWhmMN+i5H50ZTCUOGZfSs04YUVMI7E="},"chainType":2,"messageKeys":{}},"BXhTV23SZsAZC3DF3ct6xyhPzbBrkS9Mh/5L70bFmRRM":{"chainKey":{"counter":-1,"key":"3I7j/j7JAUpCIO0KlK0IbKg1X0vhgvNSQor1jV7c+mw="},"chainType":1,"messageKeys":{}}}},"BXqIbeRkEzPd8f2fGhmIBveucYRmiaGqlR/uSee1Z+BN":{"registrationId":1522921425,"currentRatchet":{"ephemeralKeyPair":{"pubKey":"BaIW/DARmAVYWzn5vrONjb97kf+/mW7QLlbbLrHwq0Ny","privKey":"iHwSWpd20IuGBVaeWtwmiypYcRQk2wUaxKAYvPAagWU="},"lastRemoteEphemeralKey":"BWRYbgmdYuuAWaRdq1y4PEZcxWBaaeth7YWl+4/xlgoO","previousCounter":0,"rootKey":"HVNJknhSsHHPtSTlUy1hR89Xc7dROYTdG8ZC/95h4O4="},"indexInfo":{"baseKey":"BXqIbeRkEzPd8f2fGhmIBveucYRmiaGqlR/uSee1Z+BN","baseKeyType":2,"closed":-1,"used":1769821234522,"created":1769821234522,"remoteIdentityKey":"BfIcOsoix5UZ2tIGph9ss3kV8icYHfx7RjFFdbq+eD1S"},"_chains":{"BWRYbgmdYuuAWaRdq1y4PEZcxWBaaeth7YWl+4/xlgoO":{"chainKey":{"counter":0,"key":"ZD/vLuDEmMXBN02HStz3kXCYL7RB4jdMlnlk9Zl0E2o="},"chainType":2,"messageKeys":{}},"BaIW/DARmAVYWzn5vrONjb97kf+/mW7QLlbbLrHwq0Ny":{"chainKey":{"counter":-1,"key":"I8gMCIk2bwNwzuJK4cn66BS/Ki9j5DAT2RWtQsdHdXo="},"chainType":1,"messageKeys":{}}}}},"version":"v1"}