{"_sessions":{"BdAsUxoHfLvVJ5s/laddnntQxz+R76j+X+ZAe4FFi6YA":{"registrationId":589501220,"currentRatchet":{"ephemeralKeyPair":{"pubKey":"BewcJ9at7JfnSOl1pNPQ/TMDG5EyefG+GLwnAy2n1fk6","privKey":"2PvTkdD7OegM4r4WZxdi+jSvvyb2OtqP0rQNFHN1mmE="},"lastRemoteEphemeralKey":"BYajrm6yJKTMeyD/40fVVXjGP+fnoQU4zX8v9q33koxy","previousCounter":0,"rootKey":"5WuCBuvADH1pzWy/7JjpdyMbwTa6rLH3YcBSxHyJfGk="},"indexInfo":{"baseKey":"BdAsUxoHfLvVJ5s/laddnntQxz+R76j+X+ZAe4FFi6YA","baseKeyType":1,"closed":-1,"used":1769797748995,"created":1769797748995,"remoteIdentityKey":"BTqiGjbWClS2B23tt+kGd0blgZIzQC5vSwguOmXlKrEh"},"_chains":{"BewcJ9at7JfnSOl1pNPQ/TMDG5EyefG+GLwnAy2n1fk6":{"chainKey":{"counter":0,"key":"3qJmvFrUJnbQxlLiYq8EhoNmld0IxCo10X1SbPCfZTg="},"chainType":1,"messageKeys":{}}},"pendingPreKey":{"signedKeyId":7987642,"baseKey":"BdAsUxoHfLvVJ5s/laddnntQxz+R76j+X+ZAe4FFi6YA","preKeyId":1052152}}},"version":"v1"}