{"_sessions":{"BRG5eqb9NjNd+nds0woJPTAZM+x4VlykOo1YHEDhK8wt":{"registrationId":1543862774,"currentRatchet":{"ephemeralKeyPair":{"pubKey":"Bb/lSayzsjT5sHlUr1VxVu1oRvsPjCEtbLoWXFJpC74W","privKey":"cPYB9GqOFwVUunV9rTLkdGCY1NjWazHfF5Wr1DX0QE4="},"lastRemoteEphemeralKey":"BWMKqL5Tmaf1yZ8EVBIEXzC77UOyr1i2xvC3NIaiemRY","previousCounter":0,"rootKey":"0/0ydj2EbUt7ayZtOUIVPo7HuBSMjVuAlAR4be8CH9A="},"indexInfo":{"baseKey":"BRG5eqb9NjNd+nds0woJPTAZM+x4VlykOo1YHEDhK8wt","baseKeyType":1,"closed":-1,"used":1769797749461,"created":1769797749461,"remoteIdentityKey":"BX1quwDsVxul90RXLlkeEJXlPdtlTz62cDI9cWm791U7"},"_chains":{"Bb/lSayzsjT5sHlUr1VxVu1oRvsPjCEtbLoWXFJpC74W":{"chainKey":{"counter":0,"key":"8be+20eTx9cYDGCgyjVxid+3ByGECEptQBfrF3JLYGc="},"chainType":1,"messageKeys":{}}},"pendingPreKey":{"signedKeyId":13200409,"baseKey":"BRG5eqb9NjNd+nds0woJPTAZM+x4VlykOo1YHEDhK8wt","preKeyId":10878799}}},"version":"v1"}