{"_sessions":{"BfcQ8O2OxwZNWjK9RMF5wP3+dnP5LBGrl868BsCl34US":{"registrationId":925069381,"currentRatchet":{"ephemeralKeyPair":{"pubKey":"Bd+nv8g5sFFxbRdR/yiib9PovK+/vlAuO94vtLk7rYwD","privKey":"IOloJs2Lfkk0sQuNOKLJ+A1pwQtlnX22a9ClK0Igqn8="},"lastRemoteEphemeralKey":"BRjTom8lIiV2UKP80RZiLCyIXyFOT4UKX9jzq+OoWxI5","previousCounter":0,"rootKey":"WCh3m63Srjvh5iqlFVtXI5XMiGK040tNN8fOxE9J0Kg="},"indexInfo":{"baseKey":"BfcQ8O2OxwZNWjK9RMF5wP3+dnP5LBGrl868BsCl34US","baseKeyType":1,"closed":-1,"used":1769797748852,"created":1769797748852,"remoteIdentityKey":"BZ6qsT3aLpL69pDW+YBY3vtPJI4g8JcOhO8tAWIQf+Bw"},"_chains":{"Bd+nv8g5sFFxbRdR/yiib9PovK+/vlAuO94vtLk7rYwD":{"chainKey":{"counter":0,"key":"k4xRW0DvRmuyYVJZ05tsA7F0oFALJMPsc9m64eGNvBs="},"chainType":1,"messageKeys":{}}},"pendingPreKey":{"signedKeyId":16613917,"baseKey":"BfcQ8O2OxwZNWjK9RMF5wP3+dnP5LBGrl868BsCl34US","preKeyId":5577379}}},"version":"v1"}