{"_sessions":{"Bf8jCY4H+HfynKBGDyDQRRqg1RIdrAxoSWi3ttggPg5+":{"registrationId":2034074463,"currentRatchet":{"ephemeralKeyPair":{"pubKey":"BVnaS+9wWWIK8jlvLu3XTLEDr+zG6UqCRVGFzjiUIexz","privKey":"+Lr/GhZkF4Hj4qKr85Myv7w/+lO7akhyfkmRn2B+TnU="},"lastRemoteEphemeralKey":"BUNaQBeg1sI774YAFmT6rHdPEzfBlz+mmQICKZU66zhu","previousCounter":0,"rootKey":"Lj6I+i6cBkP+EDo19aRfazs1aMaPDKuSJCcgEUOL2Qg="},"indexInfo":{"baseKey":"Bf8jCY4H+HfynKBGDyDQRRqg1RIdrAxoSWi3ttggPg5+","baseKeyType":1,"closed":-1,"used":1769797748868,"created":1769797748868,"remoteIdentityKey":"BetxR63Hu0qnf+Fk5oSDTrBlhKtOJlE0LztFHLT1uYg9"},"_chains":{"BVnaS+9wWWIK8jlvLu3XTLEDr+zG6UqCRVGFzjiUIexz":{"chainKey":{"counter":0,"key":"bhNG35HIy4bNSP4unpvokL6VkZn/Of5vSP90GOc4Hlk="},"chainType":1,"messageKeys":{}}},"pendingPreKey":{"signedKeyId":4193264,"baseKey":"Bf8jCY4H+HfynKBGDyDQRRqg1RIdrAxoSWi3ttggPg5+","preKeyId":10263357}}},"version":"v1"}