{"_sessions":{"BT6lilGeCSZxrTgBT3yDuO+TFxYgteGhbo44QTKiv7A5":{"registrationId":2146348949,"currentRatchet":{"ephemeralKeyPair":{"pubKey":"BUUZGHB+DnaUhgvOoYHs3I5kmaoPm/MZu46rKAkaM69E","privKey":"AKl7RBlEnvmreEY+1gTm1NTvLztPGtGuGtUT89JxUlM="},"lastRemoteEphemeralKey":"BRl6re5VT38D0dHu0bsNWqLIPOVswUSAGns2ddBV5EVx","previousCounter":0,"rootKey":"RY+aNFjV7FcqfdnVVlYa4sw8xb0yDneandAQRorNofs="},"indexInfo":{"baseKey":"BT6lilGeCSZxrTgBT3yDuO+TFxYgteGhbo44QTKiv7A5","baseKeyType":1,"closed":-1,"used":1769789724442,"created":1769789724442,"remoteIdentityKey":"BQB73VeKUIJ1JExs/N7oc3C6RAV/GqxlSM/GWp+dWJhm"},"_chains":{"BUUZGHB+DnaUhgvOoYHs3I5kmaoPm/MZu46rKAkaM69E":{"chainKey":{"counter":0,"key":"4SwORcpQEE7QYDs7Bbwk+q59UfdJpDTeRggMqS2gWHw="},"chainType":1,"messageKeys":{}}},"pendingPreKey":{"signedKeyId":13903535,"baseKey":"BT6lilGeCSZxrTgBT3yDuO+TFxYgteGhbo44QTKiv7A5","preKeyId":11361704}}},"version":"v1"}