[
  {
    "jid": "120363405097044657@g.us",
    "expired": 2623221804588,
    "groupName": "resseler panel"
  },
  {
    "jid": "120363160859131896@g.us",
    "expired": 1846376064333,
    "groupName": "alip ai MD"
  },
  {
    "jid": "120363403463758608@g.us",
    "expired": 1778586470896,
    "warningSent": false,
    "groupName": "info reseller alip ai"
  },
  {
    "jid": "120363404466167199@g.us",
    "expired": 1773965188484,
    "phone": "6281249703469",
    "addedAt": 1766189188484,
    "addedBy": "6281249703469@s.whatsapp.net",
    "groupName": "info update alip ai",
    "warningSent": false,
    "lastRenewal": 1766189188484
  },
  {
    "jid": "120363406855942307@g.us",
    "expired": 865768643988108,
    "warningSent": false
  }
]