[
    {
        "index": 1,
        "soal": "kata",
        "jawaban": "tangan"
    },
    {
        "index": 2,
        "soal": "naga",
        "jawaban": "gajah"
    },
    {
        "index": 3,
        "soal": "jamu",
        "jawaban": "mustika"
    },
    {
        "index": 4,
        "soal": "papan",
        "jawaban": "pantai"
    },
    {
        "index": 5,
        "soal": "rumah",
        "jawaban": "mawar"
    },
    {
        "index": 6,
        "soal": "meja",
        "jawaban": "jarum"
    },
    {
        "index": 7,
        "soal": "kasur",
        "jawaban": "surat"
    },
    {
        "index": 8,
        "soal": "gajah",
        "jawaban": "jahat"
    },
    {
        "index": 9,
        "soal": "ikan",
        "jawaban": "kantong"
    },
    {
        "index": 10,
        "soal": "pena",
        "jawaban": "nada"
    },
    {
        "index": 11,
        "soal": "kopi",
        "jawaban": "pita"
    },
    {
        "index": 12,
        "soal": "buku",
        "jawaban": "kuku"
    },
    {
        "index": 13,
        "soal": "susu",
        "jawaban": "sutera"
    },
    {
        "index": 14,
        "soal": "roti",
        "jawaban": "tikus"
    },
    {
        "index": 15,
        "soal": "mobil",
        "jawaban": "lilin"
    },
    {
        "index": 16,
        "soal": "motor",
        "jawaban": "topi"
    },
    {
        "index": 17,
        "soal": "lampu",
        "jawaban": "pusing"
    },
    {
        "index": 18,
        "soal": "sapu",
        "jawaban": "pukat"
    },
    {
        "index": 19,
        "soal": "kursi",
        "jawaban": "sikat"
    },
    {
        "index": 20,
        "soal": "radio",
        "jawaban": "diode"
    },
    {
        "index": 21,
        "soal": "pensil",
        "jawaban": "silau"
    },
    {
        "index": 22,
        "soal": "garam",
        "jawaban": "rambut"
    },
    {
        "index": 23,
        "soal": "gula",
        "jawaban": "laba"
    },
    {
        "index": 24,
        "soal": "cermin",
        "jawaban": "mint"
    },
    {
        "index": 25,
        "soal": "handuk",
        "jawaban": "duka"
    },
    {
        "index": 26,
        "soal": "sendok",
        "jawaban": "dokar"
    },
    {
        "index": 27,
        "soal": "piring",
        "jawaban": "ringan"
    },
    {
        "index": 28,
        "soal": "gelas",
        "jawaban": "lastri"
    },
    {
        "index": 29,
        "soal": "televisi",
        "jawaban": "sikat"
    },
    {
        "index": 30,
        "soal": "jeruk",
        "jawaban": "rukun"
    },
    {
        "index": 31,
        "soal": "apel",
        "jawaban": "pelangi"
    },
    {
        "index": 32,
        "soal": "nanas",
        "jawaban": "nasi"
    },
    {
        "index": 33,
        "soal": "mangga",
        "jawaban": "gajah"
    },
    {
        "index": 34,
        "soal": "pisang",
        "jawaban": "anggur"
    },
    {
        "index": 35,
        "soal": "anggur",
        "jawaban": "guru"
    },
    {
        "index": 36,
        "soal": "semangka",
        "jawaban": "kabel"
    },
    {
        "index": 37,
        "soal": "jambu",
        "jawaban": "burung"
    },
    {
        "index": 38,
        "soal": "durian",
        "jawaban": "antri"
    },
    {
        "index": 39,
        "soal": "cabe",
        "jawaban": "bengkel"
    },
    {
        "index": 40,
        "soal": "bawang",
        "jawaban": "angsa"
    },
    {
        "index": 41,
        "soal": "wortel",
        "jawaban": "telur"
    },
    {
        "index": 42,
        "soal": "kolam",
        "jawaban": "lambat"
    },
    {
        "index": 43,
        "soal": "udara",
        "jawaban": "raga"
    },
    {
        "index": 44,
        "soal": "tanah",
        "jawaban": "naga"
    },
    {
        "index": 45,
        "soal": "bunga",
        "jawaban": "gajah"
    },
    {
        "index": 46,
        "soal": "kembang",
        "jawaban": "anggota"
    },
    {
        "index": 47,
        "soal": "sekolah",
        "jawaban": "lahir"
    },
    {
        "index": 48,
        "soal": "murid",
        "jawaban": "ridho"
    },
    {
        "index": 49,
        "soal": "guru",
        "jawaban": "rusa"
    },
    {
        "index": 50,
        "soal": "kelas",
        "jawaban": "laskar"
    },
    {
        "index": 51,
        "soal": "pintu",
        "jawaban": "tulang"
    },
    {
        "index": 52,
        "soal": "jendela",
        "jawaban": "laba"
    },
    {
        "index": 53,
        "soal": "dinding",
        "jawaban": "dingin"
    },
    {
        "index": 54,
        "soal": "lantai",
        "jawaban": "taifun"
    },
    {
        "index": 55,
        "soal": "atap",
        "jawaban": "tapi"
    },
    {
        "index": 56,
        "soal": "halaman",
        "jawaban": "mantap"
    },
    {
        "index": 57,
        "soal": "kolam",
        "jawaban": "lambat"
    },
    {
        "index": 58,
        "soal": "sawah",
        "jawaban": "wahana"
    },
    {
        "index": 59,
        "soal": "sungai",
        "jawaban": "gajah"
    },
    {
        "index": 60,
        "soal": "laut",
        "jawaban": "autis"
    },
    {
        "index": 61,
        "soal": "pantai",
        "jawaban": "tailor"
    },
    {
        "index": 62,
        "soal": "burung",
        "jawaban": "unggas"
    },
    {
        "index": 63,
        "soal": "kucing",
        "jawaban": "ingat"
    },
    {
        "index": 64,
        "soal": "anjing",
        "jawaban": "jingga"
    },
    {
        "index": 65,
        "soal": "sapi",
        "jawaban": "pintu"
    },
    {
        "index": 66,
        "soal": "kambing",
        "jawaban": "ingkar"
    },
    {
        "index": 67,
        "soal": "ayam",
        "jawaban": "ambil"
    },
    {
        "index": 68,
        "soal": "bebek",
        "jawaban": "bekas"
    },
    {
        "index": 69,
        "soal": "zebra",
        "jawaban": "ratu"
    },
    {
        "index": 70,
        "soal": "harimau",
        "jawaban": "maut"
    },
    {
        "index": 71,
        "soal": "singa",
        "jawaban": "gadis"
    },
    {
        "index": 72,
        "soal": "gajah",
        "jawaban": "jahil"
    },
    {
        "index": 73,
        "soal": "badak",
        "jawaban": "dakwah"
    },
    {
        "index": 74,
        "soal": "jerapah",
        "jawaban": "pahlawan"
    },
    {
        "index": 75,
        "soal": "buaya",
        "jawaban": "yakin"
    },
    {
        "index": 76,
        "soal": "ular",
        "jawaban": "lari"
    },
    {
        "index": 77,
        "soal": "cicak",
        "jawaban": "cakap"
    },
    {
        "index": 78,
        "soal": "kodok",
        "jawaban": "doktor"
    },
    {
        "index": 79,
        "soal": "katak",
        "jawaban": "takdir"
    },
    {
        "index": 80,
        "soal": "kura",
        "jawaban": "rada"
    },
    {
        "index": 81,
        "soal": "laut",
        "jawaban": "utara"
    },
    {
        "index": 82,
        "soal": "sungai",
        "jawaban": "gajah"
    },
    {
        "index": 83,
        "soal": "danau",
        "jawaban": "auta"
    },
    {
        "index": 84,
        "soal": "telaga",
        "jawaban": "gajah"
    },
    {
        "index": 85,
        "soal": "pantai",
        "jawaban": "taiwan"
    },
    {
        "index": 86,
        "soal": "samudera",
        "jawaban": "rahasia"
    },
    {
        "index": 87,
        "soal": "awan",
        "jawaban": "anda"
    },
    {
        "index": 88,
        "soal": "hujan",
        "jawaban": "janji"
    },
    {
        "index": 89,
        "soal": "petir",
        "jawaban": "tiran"
    },
    {
        "index": 90,
        "soal": "angin",
        "jawaban": "ingkar"
    },
    {
        "index": 91,
        "soal": "cuaca",
        "jawaban": "cair"
    },
    {
        "index": 92,
        "soal": "kabut",
        "jawaban": "buta"
    },
    {
        "index": 93,
        "soal": "pelangi",
        "jawaban": "ngilu"
    },
    {
        "index": 94,
        "soal": "bintang",
        "jawaban": "tangki"
    },
    {
        "index": 95,
        "soal": "bulan",
        "jawaban": "lantai"
    },
    {
        "index": 96,
        "soal": "matahari",
        "jawaban": "rima"
    },
    {
        "index": 97,
        "soal": "bumi",
        "jawaban": "milik"
    },
    {
        "index": 98,
        "soal": "gunung",
        "jawaban": "unggas"
    },
    {
        "index": 99,
        "soal": "lembah",
        "jawaban": "bahaya"
    },
    {
        "index": 100,
        "soal": "danau",
        "jawaban": "auta"
    }
]
